ObjetId,Descriptif,DATE,NOTATEUR,NMASSIF,NUM_PLAC,ETAT_SAN,G,REC_SUP2,REC_LIGN,DIST_MAX,R_MAX,Coupe2020,REMARQUE,MORTAL01,MRAMIF01,VISIH_01,MORTAL02,MRAMIF02,VISIH_02,MORTAL03,MRAMIF03,VISIH_03,MORTAL04,MRAMIF04,VISIH_04,MORTAL05,MRAMIF05,VISIH_05,MORTAL06,MRAMIF06,VISIH_06,MORTAL07,MRAMIF07,VISIH_07,MORTAL08,MRAMIF08,VISIH_08,MORTAL09,MRAMIF09,VISIH_09,MORTAL10,MRAMIF10,VISIH_10,MORTAL11,MRAMIF11,VISIH_11,MORTAL12,MRAMIF12,VISIH_12,MORTAL13,MRAMIF13,VISIH_13,MORTAL14,MRAMIF14,VISIH_14,MORTAL15,MRAMIF15,VISIH_15,MORTAL16,MRAMIF16,VISIH_16,MORTAL17,MRAMIF17,VISIH_17,MORTAL18,MRAMIF18,VISIH_18,MORTAL19,MRAMIF19,VISIH_19,MORTAL20,MRAMIF20,VISIH_20,geometry,filename,uuid,CCOD_FRT,CCOD_UG,CCOD_PRF,A,B,C,D,E,F,prop_EF,prop_DEF,etat_sanit
322.0,20220624_41_RELEVE,24-06-2022,jpdh,MOMO,36.0,1: 20 -50 %,28,5,5,23.0,40,NON,,3.0,3.0,F,1.0,1.0,T,5.0,5.0,F,2.0,2.0,T,4.0,4.0,F,0.0,2.0,F,5.0,5.0,F,1.0,1.0,F,0.0,1.0,T,0.0,1.0,F,5.0,5.0,F,0.0,0.0,F,0.0,0.0,F,0.0,0.0,F,1.0,0.0,F,1.0,2.0,F,2.0,2.0,F,2.0,2.0,F,0.0,0.0,F,1.0,1.0,F,POINT (646214.2480687668 6883064.823759013),DSF_CHT_01_2022_02_DH_shp.zip,0x1567fee98951b046,MOMO,u,15,4,6,2,3,1,4,0.25,0.4,1
323.0,20220624_41_RELEVE,24-06-2022,jpdh,MOMO,998.0,0: 0 - 20 %,33,4,5,12.0,40,NON,,0.0,2.0,F,0.0,1.0,F,2.0,2.0,F,1.0,2.0,F,1.0,2.0,F,2.0,2.0,F,1.0,2.0,F,2.0,2.0,F,0.0,1.0,T,0.0,2.0,F,0.0,2.0,F,1.0,3.0,F,0.0,0.0,F,5.0,5.0,F,1.0,1.0,F,0.0,1.0,F,1.0,3.0,F,0.0,1.0,T,0.0,2.0,F,1.0,2.0,F,POINT (646442.9997806478 6882976.465694734),DSF_CHT_01_2022_02_DH_shp.zip,0x11d009fe35fd7acb,MOMO,u,15,1,5,8,5,0,1,0.05,0.3,0
324.0,20220624_41_RELEVE,24-06-2022,jpdh,MOMO,999.0,1: 20 -50 %,26,5,5,17.0,20,NON,,2.0,2.0,T,5.0,5.0,F,5.0,5.0,F,5.0,5.0,F,3.0,3.0,F,5.0,5.0,F,0.0,2.0,T,2.0,1.0,F,0.0,0.0,F,4.0,2.0,F,4.0,2.0,F,0.0,0.0,T,2.0,1.0,F,0.0,0.0,F,1.0,3.0,F,0.0,0.0,F,0.0,0.0,F,5.0,5.0,F,4.0,3.0,F,4.0,3.0,F,POINT (646044.5561160737 6883373.088180141),DSF_CHT_01_2022_02_DH_shp.zip,0x19336fa8b6882f98,MOMO,u,8,5,0,3,2,3,7,0.5,0.6,2
325.0,20220624_41_RELEVE,24-06-2022,jpdh,MOMO,910.0,0: 0 - 20 %,37,5,5,11.0,20,NON,,0.0,0.0,T,0.0,0.0,F,0.0,0.0,T,0.0,1.0,T,0.0,1.0,F,0.0,0.0,F,0.0,2.0,F,1.0,2.0,F,1.0,1.0,F,0.0,0.0,F,0.0,0.0,T,1.0,2.0,F,2.0,1.0,F,1.0,2.0,F,2.0,3.0,F,0.0,0.0,F,0.0,0.0,T,0.0,1.0,T,1.0,2.0,F,1.0,2.0,F,POINT (646028.5881062157 6883333.577325371),DSF_CHT_01_2022_02_DH_shp.zip,0x67fdd5426faf1935,MOMO,u,8,8,4,7,1,0,0,0.0,0.05,0
326.0,20220624_41_RELEVE,24-06-2022,jpdh,MOMO,911.0,0: 0 - 20 %,39,5,5,8.0,20,NON,,0.0,0.0,F,1.0,0.0,F,0.0,0.0,T,0.0,1.0,F,0.0,0.0,F,0.0,0.0,T,0.0,0.0,F,0.0,1.0,F,0.0,0.0,F,1.0,0.0,F,0.0,1.0,F,0.0,0.0,T,0.0,1.0,F,1.0,1.0,F,0.0,1.0,F,0.0,1.0,F,1.0,1.0,F,0.0,1.0,F,1.0,1.0,T,0.0,1.0,F,POINT (645448.681856594 6883128.77719306),DSF_CHT_01_2022_02_DH_shp.zip,0x515e76d78bafff6e,MOMO,a,91,7,13,0,0,0,0,0.0,0.0,0
327.0,20220624_41_RELEVE,24-06-2022,jpdh,MOMO,912.0,0: 0 - 20 %,32,5,5,12.0,20,NON,,0.0,0.0,F,0.0,1.0,F,1.0,0.0,F,0.0,0.0,F,1.0,1.0,F,1.0,2.0,F,1.0,2.0,F,1.0,2.0,F,1.0,2.0,F,1.0,0.0,T,1.0,0.0,T,0.0,0.0,F,0.0,0.0,F,1.0,2.0,F,1.0,2.0,F,0.0,1.0,F,0.0,1.0,F,1.0,0.0,F,0.0,0.0,F,0.0,0.0,F,POINT (645597.2273247921 6883315.513301557),DSF_CHT_01_2022_02_DH_shp.zip,0x9d943d45e53a684,MOMO,b,10,6,8,6,0,0,0,0.0,0.0,0
328.0,20220624_41_RELEVE,24-06-2022,jpdh,MOMO,913.0,3: 75 - 100 %,18,3,4,26.0,40,NON,,5.0,5.0,F,0.0,3.0,F,1.0,2.0,F,5.0,5.0,F,0.0,2.0,F,0.0,2.0,F,0.0,2.0,F,5.0,5.0,F,4.0,3.0,F,5.0,5.0,F,5.0,5.0,F,5.0,5.0,F,5.0,5.0,F,1.0,3.0,F,1.0,2.0,F,1.0,2.0,F,1.0,2.0,F,1.0,3.0,F,2.0,2.0,F,2.0,3.0,F,POINT (645832.1070054041 6883559.413166385),DSF_CHT_01_2022_02_DH_shp.zip,0x5ce6809d2b3d34fc,MOMO,a,6,0,0,7,5,0,8,0.4,0.65,1
329.0,20220624_41_RELEVE,24-06-2022,jpdh,MOMO,914.0,1: 20 -50 %,34,4,5,17.0,20,NON,,5.0,5.0,F,1.0,2.0,F,1.0,3.0,F,0.0,3.0,F,0.0,0.0,F,0.0,1.0,F,2.0,2.0,F,0.0,1.0,F,0.0,1.0,F,5.0,1.0,F,1.0,2.0,F,5.0,5.0,F,3.0,3.0,F,2.0,2.0,F,0.0,0.0,F,0.0,0.0,T,0.0,1.0,F,3.0,3.0,F,3.0,3.0,F,2.0,2.0,F,POINT (646033.4453522104 6882273.018269387),DSF_CHT_01_2022_02_DH_shp.zip,0x5aeb4f82aed45236,MOMO,u,100,3,4,2,5,3,3,0.3,0.55,1
330.0,20220624_41_RELEVE,24-06-2022,jpdh,MOMO,48.0,3: 75 - 100 %,15,2,3,35.0,20,NON,plantation proche et gros chêne,5.0,5.0,F,5.0,5.0,F,5.0,5.0,F,5.0,5.0,F,5.0,5.0,F,5.0,5.0,F,5.0,5.0,F,5.0,5.0,F,5.0,5.0,F,5.0,5.0,F,5.0,5.0,F,5.0,5.0,F,5.0,5.0,F,5.0,5.0,F,5.0,5.0,F,5.0,5.0,F,5.0,5.0,F,5.0,5.0,F,5.0,5.0,F,5.0,5.0,F,POINT (644519.0351411122 6881859.962038331),DSF_CHT_01_2022_02_DH_shp.zip,0xebd49f8787b873f3,MOMO,a,186,0,0,0,0,0,20,1.0,1.0,3
331.0,20220624_41_RELEVE,24-06-2022,jpdh,MOMO,915.0,3: 75 - 100 %,17,4,4,21.0,40,NON,,4.0,2.0,F,3.0,2.0,F,4.0,1.0,F,5.0,5.0,F,5.0,5.0,F,5.0,5.0,F,5.0,5.0,F,5.0,5.0,F,5.0,5.0,F,5.0,5.0,F,5.0,5.0,F,5.0,5.0,F,5.0,5.0,F,5.0,5.0,F,5.0,5.0,F,5.0,5.0,F,5.0,5.0,F,5.0,5.0,F,5.0,5.0,F,5.0,5.0,F,POINT (644631.920591682 6881518.096504547),DSF_CHT_01_2022_02_DH_shp.zip,0x12974a1a42d70962,MOMO,a,184,0,0,0,1,2,17,0.95,1.0,3
20.0,20220711_12_RELEVE,11-07-2022,sébastien,MEUDON,401.0,0: 0 - 20 %,24,5,5,20.0,20,NON,Assez dense et houppiers peu visibles,1.0,1.0,F,1.0,1.0,F,1.0,0.0,F,3.0,1.0,F,3.0,2.0,F,2.0,1.0,F,2.0,1.0,F,1.0,1.0,F,1.0,1.0,F,1.0,0.0,F,1.0,0.0,F,2.0,2.0,F,3.0,3.0,F,3.0,3.0,F,2.0,2.0,F,2.0,1.0,F,1.0,0.0,F,1.0,1.0,F,1.0,0.0,F,1.0,1.0,F,POINT (641152.1698960356 6857044.458742157),DSF_CHT_01_2022_02_sv_shp.zip,0xac400b42b1d99552,MEUDON,a,58,0,11,3,4,2,0,0.1,0.3,0
19.0,20220711_12_RELEVE,11-07-2022,sébastien,MEUDON,127.0,0: 0 - 20 %,25,4,4,20.0,20,NON,,1.0,1.0,F,1.0,1.0,T,3.0,2.0,F,1.0,1.0,F,2.0,1.0,T,0.0,0.0,F,2.0,2.0,F,3.0,4.0,F,2.0,4.0,F,1.0,0.0,F,1.0,0.0,F,0.0,0.0,F,1.0,1.0,T,1.0,2.0,F,1.0,1.0,F,1.0,1.0,F,4.0,4.0,F,4.0,4.0,F,3.0,4.0,F,3.0,2.0,F,POINT (640973.5089332318 6857072.858112681),DSF_CHT_01_2022_02_sv_shp.zip,0xf6bfaa49870f1be4,MEUDON,u,59,2,8,2,3,1,4,0.25,0.4,1
21.0,20220711_12_RELEVE,11-07-2022,sébastien,MEUDON,124.0,0: 0 - 20 %,22,4,5,20.0,20,NON,,1.0,0.0,F,2.0,1.0,F,2.0,1.0,F,1.0,0.0,F,1.0,0.0,F,2.0,3.0,F,2.0,2.0,F,1.0,1.0,F,2.0,3.0,F,3.0,3.0,F,3.0,2.0,F,2.0,2.0,F,2.0,2.0,F,2.0,1.0,F,3.0,3.0,F,2.0,1.0,F,1.0,1.0,F,1.0,0.0,F,1.0,1.0,F,3.0,4.0,F,POINT (641332.6090472348 6857356.9152998775),DSF_CHT_01_2022_02_sv_shp.zip,0x7119947ef6955ac6,MEUDON,u,53,0,7,4,6,2,1,0.15,0.45,0
22.0,20220711_12_RELEVE,11-07-2022,sébastien,MEUDON,121.0,2: 50 - 75 %,15,3,5,40.0,40,NON,,3.0,4.0,F,4.0,3.0,F,5.0,5.0,F,4.0,3.0,F,3.0,3.0,F,3.0,2.0,F,3.0,3.0,F,4.0,4.0,F,4.0,3.0,F,5.0,5.0,F,5.0,5.0,F,4.0,3.0,F,3.0,4.0,F,5.0,5.0,F,3.0,2.0,F,4.0,2.0,F,3.0,3.0,F,3.0,4.0,F,4.0,3.0,F,2.0,2.0,F,POINT (641796.0226317731 6857642.760748709),DSF_CHT_01_2022_02_sv_shp.zip,0x6d597df0033182f3,MEUDON,a,56,0,0,0,3,4,13,0.85,1.0,3
9.0,20220616_8_RELEVE,16-06-2022,sébastien,MEUDON,144.0,1: 20 -50 %,29,5,5,15.0,20,NON,,1.0,1.0,T,1.0,1.0,T,2.0,1.0,T,3.0,2.0,F,5.0,5.0,F,3.0,2.0,T,2.0,2.0,T,3.0,3.0,T,2.0,1.0,F,4.0,3.0,F,1.0,1.0,F,2.0,3.0,F,2.0,2.0,F,2.0,2.0,T,2.0,1.0,F,2.0,1.0,F,2.0,1.0,F,2.0,1.0,T,3.0,2.0,F,2.0,1.0,T,POINT (644581.0745314495 6854885.598628603),DSF_CHT_01_2022_02_vs_shp.zip,0xb4c47160c6f4dcd0,MEUDON,a,14,0,3,7,7,1,2,0.15,0.5,0
8.0,20220616_7_RELEVE,16-06-2022,sébastien,MEUDON,141.0,2: 50 - 75 %,21,3,4,20.0,40,NON,,5.0,5.0,F,5.0,5.0,F,5.0,5.0,F,5.0,5.0,F,2.0,2.0,F,3.0,2.0,F,5.0,5.0,F,1.0,1.0,F,1.0,1.0,F,2.0,1.0,F,2.0,2.0,T,1.0,1.0,F,5.0,5.0,F,2.0,1.0,F,2.0,1.0,F,2.0,1.0,F,2.0,1.0,F,2.0,1.0,F,2.0,1.0,F,2.0,1.0,F,POINT (644336.4217030825 6855093.396262657),DSF_CHT_01_2022_02_vs_shp.zip,0x6244e06f440eed9a,MEUDON,a,13,0,3,8,3,0,6,0.3,0.45,1
7.0,20220616_6_RELEVE,16-06-2022,sébastien,MEUDON,134.0,1: 20 -50 %,29,4,5,20.0,20,NON,,2.0,2.0,F,1.0,1.0,F,1.0,1.0,F,5.0,5.0,F,3.0,2.0,F,4.0,4.0,F,5.0,5.0,F,4.0,3.0,F,3.0,3.0,F,3.0,3.0,F,2.0,1.0,F,3.0,4.0,F,2.0,3.0,F,2.0,2.0,F,2.0,2.0,F,3.0,1.0,F,0.0,1.0,F,2.0,2.0,T,2.0,2.0,T,2.0,2.0,T,POINT (644508.1624014856 6855723.690980487),DSF_CHT_01_2022_02_vs_shp.zip,0xf65e26e016849d18,MEUDON,b,10,0,3,1,9,2,5,0.35,0.8,1
6.0,20220616_5_RELEVE,16-06-2022,sébastien,MEUDON,130.0,2: 50 - 75 %,26,4,5,15.0,20,NON,,3.0,2.0,T,3.0,3.0,F,3.0,3.0,T,2.0,1.0,F,2.0,1.0,F,2.0,2.0,F,3.0,2.0,F,2.0,3.0,F,3.0,3.0,F,3.0,3.0,F,2.0,1.0,F,3.0,2.0,F,4.0,4.0,F,4.0,3.0,F,3.0,3.0,T,3.0,2.0,F,3.0,2.0,F,3.0,2.0,F,3.0,2.0,F,3.0,2.0,T,POINT (644535.2349280013 6856019.143916238),DSF_CHT_01_2022_02_vs_shp.zip,0x96766b7144171144,MEUDON,u,9,0,0,3,10,5,2,0.35,0.85,1
10.0,20220629_11_RELEVE,29-06-2022,sébastien,HERBELAY,86.0,3: 75 - 100 %,20,1,5,15.0,20,NON,Très dépérissant,5.0,5.0,F,5.0,5.0,F,5.0,5.0,F,5.0,5.0,F,5.0,5.0,F,5.0,5.0,F,5.0,5.0,F,5.0,5.0,F,5.0,5.0,F,5.0,5.0,F,5.0,5.0,F,5.0,5.0,F,5.0,5.0,F,4.0,0.0,F,4.0,0.0,F,4.0,1.0,F,5.0,5.0,F,5.0,5.0,F,5.0,5.0,F,5.0,5.0,F,POINT (628525.2863358313 6866667.864367786),DSF_CHT_01_2022_02_vs_shp.zip,0xd92b936bdfc4877,HERBELAY,u,9,0,0,0,0,3,17,1.0,1.0,3
11.0,20220629_11_RELEVE,29-06-2022,sébastien,HERBELAY,82.0,2: 50 - 75 %,27,5,5,17.0,20,NON,,3.0,3.0,F,4.0,3.0,F,5.0,5.0,F,4.0,3.0,F,5.0,5.0,F,2.0,1.0,F,4.0,1.0,F,2.0,2.0,F,5.0,5.0,F,2.0,1.0,F,3.0,2.0,F,3.0,2.0,F,2.0,2.0,F,3.0,3.0,F,3.0,2.0,F,1.0,1.0,T,4.0,4.0,F,3.0,3.0,F,2.0,2.0,F,5.0,5.0,F,POINT (627863.0911480061 6867178.242982128),DSF_CHT_01_2022_02_vs_shp.zip,0x59bc9255aa9a4b32,AIGREMON,u,1,0,1,2,6,4,7,0.55,0.85,2
12.0,20220629_11_RELEVE,29-06-2022,sébastien,HERBELAY,84.0,3: 75 - 100 %,16,2,4,18.0,20,AS,trouée,3.0,1.0,F,5.0,5.0,F,5.0,5.0,F,4.0,4.0,F,3.0,3.0,F,3.0,3.0,F,5.0,5.0,F,4.0,4.0,F,4.0,4.0,F,2.0,3.0,F,5.0,5.0,F,0.0,1.0,F,2.0,2.0,F,4.0,4.0,F,5.0,5.0,F,5.0,5.0,F,5.0,5.0,F,3.0,3.0,F,4.0,4.0,F,4.0,4.0,F,POINT (627667.3039121612 6866961.91347106),DSF_CHT_01_2022_02_vs_shp.zip,0xe8252b37927e02b,HERBELAY,u,5,0,1,0,3,3,13,0.8,0.95,3
13.0,20220629_11_RELEVE,29-06-2022,sébastien,HERBELAY,83.0,1: 20 -50 %,27,5,5,15.0,20,NON,point déplacé,0.0,0.0,F,5.0,5.0,F,2.0,1.0,F,2.0,1.0,F,1.0,1.0,F,2.0,1.0,F,0.0,1.0,F,2.0,3.0,F,2.0,2.0,F,2.0,1.0,F,0.0,1.0,F,1.0,2.0,F,5.0,5.0,F,4.0,1.0,F,4.0,1.0,F,4.0,1.0,F,3.0,2.0,F,1.0,1.0,F,1.0,1.0,F,2.0,2.0,F,POINT (627264.0289827378 6867372.713079998),DSF_CHT_01_2022_02_vs_shp.zip,0x4b76a63fa5bec05b,AIGREMON,u,2,1,5,5,4,3,2,0.25,0.45,1
15.0,20220629_11_RELEVE,29-06-2022,sébastien,MEUDON,131.0,0: 0 - 20 %,26,4,5,15.0,20,NON,,1.0,1.0,F,1.0,2.0,F,1.0,2.0,F,1.0,3.0,F,1.0,2.0,F,1.0,2.0,F,1.0,2.0,F,1.0,2.0,F,1.0,2.0,F,4.0,2.0,F,0.0,0.0,F,1.0,1.0,F,0.0,0.0,F,0.0,0.0,F,1.0,1.0,F,0.0,2.0,F,1.0,1.0,F,5.0,5.0,F,0.0,0.0,F,0.0,0.0,F,POINT (641450.4758881363 6855793.782724933),DSF_CHT_01_2022_02_vs_shp.zip,0xd19aadaac0bb3fc1,MEUDON,u,71,5,4,8,1,1,1,0.1,0.15,0
16.0,20220629_11_RELEVE,29-06-2022,sébastien,MEUDON,132.0,0: 0 - 20 %,25,4,5,15.0,20,NON,,2.0,2.0,F,2.0,2.0,F,1.0,2.0,F,3.0,3.0,F,2.0,3.0,F,3.0,3.0,F,3.0,3.0,F,1.0,2.0,F,0.0,1.0,F,1.0,1.0,F,0.0,0.0,F,2.0,2.0,F,2.0,3.0,F,0.0,1.0,F,0.0,1.0,F,0.0,1.0,F,3.0,3.0,F,2.0,3.0,F,2.0,3.0,F,2.0,3.0,F,POINT (641473.0146758044 6855787.047700493),DSF_CHT_01_2022_02_vs_shp.zip,0xbb8e399e3e520980,MEUDON,u,71,1,5,2,8,4,0,0.2,0.6,1
17.0,20220629_11_RELEVE,29-06-2022,sébastien,MEUDON,143.0,1: 20 -50 %,27,5,5,15.0,20,NON,déplacé,1.0,0.0,F,1.0,2.0,F,2.0,2.0,F,1.0,1.0,F,2.0,2.0,F,3.0,2.0,T,2.0,1.0,F,2.0,1.0,F,4.0,2.0,F,2.0,3.0,F,1.0,1.0,F,1.0,1.0,F,2.0,1.0,F,1.0,1.0,F,3.0,2.0,F,3.0,2.0,F,2.0,3.0,F,3.0,2.0,F,0.0,0.0,F,1.0,1.0,F,POINT (640422.8206153482 6855111.705033907),DSF_CHT_01_2022_02_vs_shp.zip,0x12bbd284d4562c26,MEUDON,a,91,1,6,4,8,1,0,0.05,0.45,0
18.0,20220629_11_RELEVE,29-06-2022,sébastien,MEUDON,145.0,1: 20 -50 %,22,3,4,20.0,20,NON,déplace légèrement,3.0,4.0,F,1.0,1.0,F,1.0,1.0,F,1.0,2.0,F,1.0,1.0,F,0.0,0.0,F,3.0,4.0,F,3.0,2.0,F,1.0,1.0,F,0.0,0.0,F,1.0,1.0,F,1.0,1.0,F,3.0,4.0,F,1.0,1.0,F,2.0,2.0,F,2.0,1.0,F,3.0,1.0,F,2.0,2.0,F,4.0,3.0,F,3.0,3.0,F,POINT (641675.9226208477 6854477.324736162),DSF_CHT_01_2022_02_vs_shp.zip,0x24b27831e3e74d7b,MEUDON,a,80,2,7,2,4,1,4,0.25,0.45,1
14.0,20220629_11_RELEVE,29-06-2022,sébastien,HERBELAY,85.0,3: 75 - 100 %,15,2,5,15.0,20,NON,point déplacé,5.0,5.0,F,5.0,5.0,F,5.0,5.0,F,5.0,5.0,F,5.0,5.0,F,5.0,5.0,F,4.0,1.0,F,4.0,1.0,F,4.0,4.0,F,4.0,4.0,F,5.0,5.0,F,5.0,5.0,F,5.0,5.0,F,5.0,5.0,F,5.0,5.0,F,5.0,5.0,F,5.0,5.0,F,5.0,5.0,F,5.0,5.0,F,4.0,4.0,F,POINT (627277.8417902394 6867515.44851583),DSF_CHT_01_2022_02_vs_shp.zip,0xc8295c02ffc1718,MARLY-VS,b,161,0,0,0,0,2,18,1.0,1.0,3
332.0,20220627_42_RELEVE,27-06-2022,jpdh,MOMO,916.0,0: 0 - 20 %,24,5,5,19.0,20,NON,,3.0,2.0,F,1.0,2.0,F,5.0,5.0,F,1.0,0.0,T,4.0,1.0,F,5.0,5.0,F,0.0,0.0,T,1.0,1.0,T,0.0,1.0,F,2.0,3.0,F,1.0,1.0,F,1.0,1.0,F,1.0,3.0,F,1.0,2.0,F,0.0,1.0,T,2.0,3.0,T,0.0,0.0,F,1.0,3.0,F,1.0,2.0,T,0.0,2.0,F,POINT (649260.7825571131 6881351.700055566),DSF_CHT_01_2022_03_DH_shp.zip,0x9b35bc9f3b851fd2,MOMO,a,39,2,6,4,5,1,2,0.15,0.4,0
333.0,20220627_42_RELEVE,27-06-2022,jpdh,MOMO,917.0,0: 0 - 20 %,27,5,5,16.0,40,NON,,0.0,3.0,T,2.0,2.0,F,2.0,1.0,F,0.0,0.0,T,1.0,1.0,F,1.0,2.0,F,0.0,1.0,T,2.0,3.0,F,1.0,2.0,F,2.0,3.0,F,1.0,3.0,F,1.0,2.0,F,0.0,2.0,F,0.0,1.0,F,2.0,2.0,F,0.0,1.0,F,0.0,2.0,F,1.0,2.0,F,0.0,2.0,F,1.0,2.0,T,POINT (649267.6297594057 6881480.911479535),DSF_CHT_01_2022_03_DH_shp.zip,0x20e38ded6127fe6b,MOMO,a,39,1,4,9,6,0,0,0.0,0.3,0
334.0,20220627_42_RELEVE,27-06-2022,jpdh,MOMO,52.0,1: 20 -50 %,38,5,5,13.0,20,NON,,0.0,2.0,F,1.0,1.0,F,1.0,2.0,F,3.0,2.0,F,1.0,2.0,F,0.0,2.0,F,0.0,0.0,F,3.0,1.0,F,4.0,3.0,F,4.0,3.0,F,1.0,2.0,F,4.0,2.0,F,3.0,3.0,F,2.0,1.0,F,0.0,1.0,F,0.0,0.0,F,1.0,1.0,F,1.0,1.0,F,1.0,2.0,F,1.0,3.0,F,POINT (649361.5167327167 6881581.302384414),DSF_CHT_01_2022_03_DH_shp.zip,0x68ff147e95318c1f,MOMO,u,38,2,4,7,3,2,2,0.2,0.35,1
335.0,20220627_42_RELEVE,27-06-2022,jpdh,MOMO,918.0,1: 20 -50 %,32,5,5,11.0,20,NON,,0.0,1.0,F,1.0,2.0,F,1.0,2.0,F,1.0,2.0,T,1.0,1.0,T,1.0,2.0,F,1.0,2.0,F,0.0,2.0,F,1.0,3.0,F,0.0,0.0,F,2.0,2.0,F,2.0,1.0,F,0.0,1.0,F,1.0,2.0,F,0.0,2.0,F,0.0,0.0,F,2.0,2.0,F,1.0,2.0,F,5.0,5.0,F,3.0,2.0,F,POINT (649478.3889125681 6881382.1694267215),DSF_CHT_01_2022_03_DH_shp.zip,0xaf6cf53135fd87e2,MOMO,b,40,2,3,10,4,0,1,0.05,0.25,0
336.0,20220627_42_RELEVE,27-06-2022,jpdh,MOMO,919.0,1: 20 -50 %,25,5,5,16.0,40,NON,cloisonnements,0.0,1.0,F,0.0,1.0,F,1.0,3.0,F,1.0,3.0,F,1.0,3.0,F,0.0,3.0,F,0.0,2.0,F,2.0,3.0,F,4.0,2.0,F,1.0,3.0,F,2.0,3.0,F,0.0,0.0,F,0.0,0.0,F,2.0,2.0,F,0.0,2.0,F,1.0,1.0,F,1.0,3.0,F,0.0,3.0,F,2.0,3.0,F,5.0,5.0,F,POINT (646542.3548224508 6882332.336283152),DSF_CHT_01_2022_03_DH_shp.zip,0x5617dfa36cfd7c29,MOMO,a,88,2,3,2,11,1,1,0.1,0.65,0
337.0,20220627_42_RELEVE,27-06-2022,jpdh,MOMO,920.0,3: 75 - 100 %,26,4,5,18.0,20,NON,,1.0,3.0,F,1.0,3.0,F,0.0,1.0,F,0.0,1.0,F,5.0,5.0,F,5.0,5.0,F,5.0,5.0,F,5.0,5.0,F,5.0,5.0,F,5.0,5.0,F,5.0,5.0,F,2.0,2.0,F,0.0,0.0,F,1.0,3.0,F,1.0,2.0,F,2.0,1.0,F,1.0,3.0,F,1.0,2.0,F,4.0,1.0,F,3.0,3.0,F,POINT (646924.3794739594 6882918.164845932),DSF_CHT_01_2022_03_DH_shp.zip,0x929d3a09837222f0,MOMO,a,23,1,2,3,5,2,7,0.45,0.7,1
338.0,20220627_42_RELEVE,27-06-2022,jpdh,MOMO,41.0,3: 75 - 100 %,15,3,3,25.0,20,NON,Chênes,5.0,5.0,F,5.0,5.0,F,5.0,5.0,F,5.0,5.0,F,5.0,5.0,F,5.0,5.0,F,5.0,5.0,F,5.0,5.0,F,5.0,5.0,F,5.0,5.0,F,4.0,4.0,F,5.0,5.0,F,5.0,5.0,F,4.0,2.0,F,5.0,5.0,F,5.0,5.0,F,5.0,5.0,F,2.0,3.0,F,5.0,5.0,F,5.0,5.0,F,POINT (644202.1651881894 6882128.210074779),DSF_CHT_01_2022_03_DH_shp.zip,0xbbcd33bd3d8b8dd7,MOMO,u,119,0,0,0,1,1,18,0.95,1.0,3
339.0,20220627_42_RELEVE,27-06-2022,jpdh,MOMO,921.0,0: 0 - 20 %,44,5,5,8.0,40,NON,1 gros Chêne,0.0,0.0,F,0.0,0.0,F,0.0,1.0,F,0.0,0.0,F,1.0,1.0,F,0.0,0.0,F,1.0,1.0,F,0.0,0.0,F,0.0,0.0,F,0.0,1.0,F,0.0,1.0,T,0.0,0.0,F,1.0,2.0,F,0.0,1.0,F,0.0,1.0,F,1.0,0.0,F,0.0,0.0,F,0.0,2.0,F,0.0,0.0,F,0.0,0.0,F,POINT (643974.0077006922 6881466.238713597),DSF_CHT_01_2022_03_DH_shp.zip,0xd885e1e6c883d60,MOMO,b,193,10,8,2,0,0,0,0.0,0.0,0
340.0,20220627_42_RELEVE,27-06-2022,jpdh,MOMO,922.0,0: 0 - 20 %,31,5,5,7.0,20,NON,,0.0,1.0,F,0.0,0.0,T,0.0,1.0,T,0.0,1.0,F,0.0,0.0,T,0.0,2.0,F,1.0,1.0,F,0.0,0.0,T,0.0,0.0,T,0.0,1.0,T,0.0,1.0,F,0.0,0.0,F,0.0,0.0,T,1.0,1.0,F,0.0,1.0,T,0.0,1.0,F,0.0,1.0,F,0.0,1.0,F,1.0,2.0,F,1.0,0.0,T,POINT (645587.4860682976 6880868.309235108),DSF_CHT_01_2022_03_DH_shp.zip,0xa0879395b761f6d6,MOMO,u,160,6,12,2,0,0,0,0.0,0.0,0
341.0,20220627_42_RELEVE,27-06-2022,jpdh,MOMO,923.0,0: 0 - 20 %,25,5,5,12.0,40,NON,,1.0,2.0,F,0.0,1.0,F,1.0,1.0,F,1.0,0.0,F,0.0,1.0,F,0.0,0.0,T,0.0,1.0,T,1.0,2.0,F,1.0,2.0,F,1.0,2.0,F,1.0,2.0,F,1.0,1.0,F,1.0,0.0,F,0.0,0.0,F,1.0,1.0,F,1.0,0.0,F,0.0,0.0,F,0.0,0.0,F,1.0,1.0,F,0.0,0.0,T,POINT (648066.2866365976 6881977.015926588),DSF_CHT_01_2022_03_DH_shp.zip,0x251b2f229d914672,MOMO,a,54,5,10,5,0,0,0,0.0,0.0,0
342.0,20220627_42_RELEVE,27-06-2022,jpdh,MOMO,924.0,2: 50 - 75 %,32,5,5,9.0,40,NON,,1.0,2.0,T,1.0,2.0,F,0.0,0.0,T,0.0,0.0,T,1.0,2.0,F,0.0,2.0,T,1.0,3.0,F,0.0,2.0,F,2.0,2.0,F,2.0,1.0,F,3.0,2.0,F,1.0,3.0,F,2.0,2.0,F,1.0,2.0,F,1.0,2.0,F,5.0,5.0,F,0.0,1.0,F,1.0,2.0,F,1.0,1.0,F,1.0,3.0,F,POINT (648194.9439433073 6881997.493448276),DSF_CHT_01_2022_03_DH_shp.zip,0x5022fe71f3aa310b,MOMO,a,52,2,2,9,6,0,1,0.05,0.35,0
343.0,20220627_42_RELEVE,27-06-2022,jpdh,MOMO,925.0,2: 50 - 75 %,31,5,5,9.0,20,NON,,2.0,3.0,F,3.0,2.0,F,0.0,1.0,F,5.0,5.0,F,1.0,1.0,F,1.0,3.0,F,0.0,2.0,F,2.0,4.0,F,0.0,0.0,T,0.0,1.0,F,0.0,1.0,F,1.0,2.0,F,3.0,2.0,F,1.0,2.0,F,1.0,2.0,F,1.0,2.0,F,2.0,2.0,F,3.0,3.0,F,1.0,3.0,F,1.0,3.0,F,POINT (648170.5033325832 6881986.310071564),DSF_CHT_01_2022_03_DH_shp.zip,0x7949801e365b2575,MOMO,a,52,1,4,5,7,2,1,0.15,0.5,0
344.0,20220627_42_RELEVE,27-06-2022,jpdh,MOMO,926.0,0: 0 - 20 %,38,5,5,14.0,40,NON,,0.0,0.0,T,0.0,0.0,T,0.0,1.0,T,0.0,0.0,F,0.0,1.0,F,0.0,0.0,T,2.0,2.0,F,0.0,1.0,F,0.0,0.0,T,0.0,1.0,F,0.0,1.0,F,0.0,0.0,F,0.0,1.0,F,0.0,0.0,F,0.0,1.0,T,0.0,1.0,T,0.0,0.0,T,0.0,0.0,F,1.0,1.0,F,5.0,5.0,F,POINT (647496.9594297874 6881026.056408522),DSF_CHT_01_2022_03_DH_shp.zip,0x28fd3b74030bd97b,MOMO,u,71,9,9,0,1,0,1,0.05,0.1,0
8.0,20220613_1_RELEVE,28-06-2022,sw tb,GIFV,200.0,0: 0 - 20 %,54,5,5,10.0,30,NON,chene gb a 20m  -  taillis dense pb bm,0.0,2.0,T,0.0,1.0,T,0.0,2.0,T,0.0,2.0,F,0.0,1.0,T,0.0,1.0,T,0.0,1.0,T,0.0,1.0,F,0.0,2.0,F,0.0,1.0,T,0.0,1.0,T,0.0,1.0,T,5.0,5.0,F,5.0,5.0,T,0.0,1.0,T,0.0,1.0,T,0.0,2.0,T,0.0,1.0,T,0.0,0.0,T,1.0,2.0,T,POINT (636599.138736355 6843698.603051757),DSF_CHT_01_2022_20220613_1_RELEVE_shp.zip,0xda0d0750a6624188,GIYV,u,89,1,11,6,0,0,2,0.1,0.1,0
9.0,20220613_1_RELEVE,28-06-2022,sw tb,GIFV,201.0,1: 20 -50 %,36,5,5,12.0,20,NON,point nouveau et déplacé,0.0,0.0,T,0.0,1.0,T,1.0,4.0,T,0.0,1.0,T,0.0,1.0,T,0.0,1.0,T,0.0,0.0,T,0.0,1.0,T,0.0,1.0,T,0.0,1.0,F,4.0,1.0,F,0.0,1.0,T,4.0,1.0,T,1.0,4.0,T,3.0,3.0,T,0.0,2.0,T,0.0,3.0,T,0.0,3.0,F,1.0,3.0,T,0.0,2.0,T,POINT (636205.9920544866 6844014.548382179),DSF_CHT_01_2022_20220613_1_RELEVE_shp.zip,0x816dbc15f476bf61,GIYV,a,72,2,8,2,3,5,0,0.25,0.4,1
1036.0,20220616_21_RELEVE,16-06-2022,carré fiault dufay,BOISARCY,129.0,0: 0 - 20 %,31,5,2,17.0,40,NON,,0.0,1.0,F,0.0,1.0,F,1.0,1.0,F,0.0,1.0,F,1.0,1.0,F,1.0,1.0,F,1.0,1.0,F,1.0,1.0,F,1.0,1.0,F,1.0,1.0,F,1.0,2.0,F,1.0,2.0,F,0.0,1.0,F,0.0,1.0,F,0.0,1.0,F,1.0,1.0,F,1.0,2.0,F,1.0,1.0,F,1.0,1.0,F,1.0,2.0,F,POINT (629932.312162943 6856587.391024914),DSF_CHT_01_2022_20220616_LC_BOISARCY_shp.zip,0x9fe70c673b8a8728,BOISARCY,c,5,0,16,4,0,0,0,0.0,0.0,0
1037.0,20220616_21_RELEVE,17-06-2022,carré,BOISARCY,125.0,0: 0 - 20 %,35,5,5,13.0,20,AS,,0.0,3.0,F,0.0,1.0,F,0.0,2.0,F,0.0,3.0,F,0.0,3.0,F,0.0,1.0,F,0.0,2.0,F,0.0,2.0,F,0.0,1.0,F,0.0,2.0,F,0.0,1.0,F,0.0,1.0,F,1.0,3.0,F,1.0,2.0,F,0.0,2.0,F,1.0,2.0,F,0.0,2.0,F,1.0,3.0,F,0.0,3.0,F,0.0,2.0,F,POINT (625202.3795674768 6857347.379370585),DSF_CHT_01_2022_20220616_LC_BOISARCY_shp.zip,0x8b18f3c23a9da740,BOISARCY,a,33,0,5,9,6,0,0,0.0,0.3,0
1038.0,20220616_21_RELEVE,20-06-2022,carré,MISSIONNAIRES,128.0,0: 0 - 20 %,65,5,5,10.0,30,NON,parc forestier,0.0,1.0,T,0.0,2.0,F,0.0,2.0,F,0.0,1.0,F,0.0,1.0,F,1.0,2.0,T,0.0,1.0,T,1.0,1.0,T,0.0,1.0,T,5.0,5.0,F,0.0,1.0,F,0.0,1.0,T,0.0,2.0,T,0.0,1.0,F,1.0,3.0,F,1.0,1.0,F,0.0,1.0,T,1.0,3.0,F,0.0,1.0,F,1.0,1.0,F,POINT (629777.4806315503 6856618.963701208),DSF_CHT_01_2022_20220616_LC_BOISARCY_shp.zip,0x29e2594b452a2a06,DSF,,,0,13,4,2,0,1,0.05,0.15,0
1039.0,20220616_21_RELEVE,20-06-2022,carré,BOISARCY,133.0,0: 0 - 20 %,34,5,5,14.0,40,NON,forte pente + ss étage de houx & lauriers,0.0,1.0,F,0.0,2.0,F,0.0,1.0,F,0.0,2.0,F,1.0,1.0,F,1.0,1.0,F,0.0,1.0,F,0.0,1.0,F,0.0,1.0,F,0.0,0.0,F,0.0,1.0,F,0.0,1.0,F,0.0,1.0,F,1.0,2.0,F,0.0,0.0,F,0.0,2.0,F,1.0,1.0,T,0.0,2.0,T,0.0,1.0,T,0.0,1.0,F,POINT (630743.3840150543 6855907.692206988),DSF_CHT_01_2022_20220616_LC_BOISARCY_shp.zip,0x957dc943000a2334,BOISARCY,a,1,2,13,5,0,0,0,0.0,0.0,0
56.0,20220617_4_CN,17-06-2022,cn,CARN,22.0,0: 0 - 20 %,26,4,5,16.0,40,NON,la majorité des tiges a réitéré dans le couvert et reconstitué de la masse foliaire. observation difficile des houppiers,1.0,1.0,T,1.0,2.0,T,0.0,0.0,T,1.0,2.0,T,1.0,3.0,T,1.0,2.0,F,0.0,0.0,F,0.0,0.0,F,1.0,2.0,T,1.0,1.0,T,0.0,1.0,T,1.0,2.0,F,0.0,1.0,F,5.0,5.0,F,0.0,1.0,F,1.0,2.0,T,1.0,2.0,T,0.0,1.0,T,2.0,3.0,F,1.0,3.0,F,POINT (651492.9630938633 6890515.248637292),DSF_CHT_01_2022_20220617_4_CN_shp.zip,0x6f5b701185d99a8e,CARN,u,49,3,6,7,3,0,1,0.05,0.2,0
57.0,20220617_4_CN,17-06-2022,cn,CARN,23.0,0: 0 - 20 %,29,4,4,18.0,20,NON,au delà de 20 m présence de chêne,0.0,1.0,F,1.0,2.0,F,0.0,1.0,F,1.0,1.0,T,0.0,1.0,F,0.0,1.0,F,0.0,2.0,F,0.0,1.0,F,0.0,1.0,F,1.0,1.0,F,1.0,2.0,F,1.0,1.0,F,1.0,2.0,F,1.0,2.0,T,1.0,1.0,T,1.0,2.0,F,1.0,2.0,F,0.0,1.0,F,0.0,1.0,F,1.0,2.0,T,POINT (651558.6847704115 6890481.483444865),DSF_CHT_01_2022_20220617_4_CN_shp.zip,0x2fdea62420f06111,CARN,u,49,0,12,8,0,0,0,0.0,0.0,0
58.0,20220617_4_CN,17-06-2022,cn,CARN,24.0,0: 0 - 20 %,26,4,4,21.0,30,NON,cloisonnement traverse placette,0.0,2.0,F,0.0,2.0,F,1.0,2.0,F,0.0,1.0,F,0.0,1.0,T,0.0,1.0,F,1.0,1.0,F,1.0,2.0,F,1.0,1.0,T,1.0,1.0,T,1.0,2.0,F,1.0,2.0,F,0.0,2.0,T,0.0,1.0,F,1.0,2.0,F,0.0,1.0,F,0.0,1.0,F,1.0,2.0,T,0.0,1.0,T,0.0,1.0,T,POINT (651582.8465825048 6890372.837361891),DSF_CHT_01_2022_20220617_4_CN_shp.zip,0x856e46d47e49dfca,CARN,u,49,0,11,9,0,0,0,0.0,0.0,0
59.0,20220617_4_CN,17-06-2022,cn,CARN,18.0,0: 0 - 20 %,25,4,5,20.0,20,NON,décalée- ancienne 18 trop près route,0.0,1.0,F,0.0,2.0,F,0.0,1.0,T,1.0,1.0,F,1.0,1.0,F,0.0,1.0,T,0.0,1.0,T,1.0,1.0,T,0.0,1.0,T,1.0,2.0,F,1.0,2.0,F,1.0,1.0,T,0.0,2.0,T,0.0,1.0,F,0.0,1.0,F,0.0,1.0,F,1.0,2.0,F,0.0,1.0,F,1.0,2.0,F,0.0,2.0,F,POINT (650630.8914099247 6891905.2090305425),DSF_CHT_01_2022_20220617_4_CN_shp.zip,0x3435dd7f2775b431,CARN,u,23,0,13,7,0,0,0,0.0,0.0,0
309.0,20220620_40_RELEVE,20-06-2022,jpdh,MOMO,33.0,1: 20 -50 %,24,4,5,19.0,20,NON,,2.0,2.0,F,1.0,1.0,F,2.0,2.0,F,1.0,3.0,F,1.0,1.0,F,1.0,2.0,F,2.0,1.0,F,1.0,1.0,F,2.0,2.0,F,2.0,2.0,F,2.0,3.0,F,1.0,3.0,F,1.0,2.0,F,3.0,2.0,F,1.0,2.0,F,1.0,3.0,F,3.0,2.0,F,3.0,2.0,F,2.0,1.0,F,2.0,3.0,F,POINT (647614.0725190457 6883290.418009174),DSF_CHT_01_2022_20220620_40_DH_shp.zip,0xb3420b875a89c243,MOMO,a,21,0,3,5,12,0,0,0.0,0.6,0
310.0,20220620_40_RELEVE,20-06-2022,jpdh,MOMO,30.0,2: 50 - 75 %,25,5,5,23.0,20,NON,décalé du point initial,1.0,2.0,F,2.0,2.0,F,3.0,3.0,F,1.0,2.0,F,3.0,2.0,F,3.0,2.0,F,4.0,1.0,F,3.0,2.0,F,2.0,1.0,F,2.0,1.0,F,1.0,2.0,F,2.0,3.0,F,2.0,3.0,F,3.0,1.0,F,2.0,2.0,F,1.0,2.0,F,2.0,2.0,F,2.0,1.0,F,4.0,1.0,F,3.0,2.0,F,POINT (647630.8643715202 6883362.9750480335),DSF_CHT_01_2022_20220620_40_DH_shp.zip,0x340483836874e6d9,MOMO,a,21,0,0,7,10,3,0,0.15,0.65,0
311.0,20220620_40_RELEVE,20-06-2022,jpdh,MOMO,991.0,1: 20 -50 %,27,4,5,9.0,20,NON,,5.0,5.0,F,3.0,2.0,F,2.0,2.0,T,1.0,1.0,F,1.0,2.0,F,2.0,2.0,F,5.0,5.0,F,5.0,5.0,F,4.0,1.0,F,3.0,2.0,F,4.0,2.0,F,1.0,2.0,F,1.0,2.0,F,1.0,2.0,F,1.0,2.0,F,2.0,1.0,F,1.0,1.0,T,1.0,0.0,T,1.0,2.0,T,1.0,1.0,F,POINT (648210.7726832458 6879052.112614534),DSF_CHT_01_2022_20220620_40_DH_shp.zip,0xa6cef79a25dd8f3c,MOMO,u,214,0,4,7,4,2,3,0.25,0.45,1
312.0,20220620_40_RELEVE,20-06-2022,jpdh,MOMO,992.0,1: 20 -50 %,28,4,5,10.0,40,NON,remplacement points parcelle 204,1.0,0.0,T,1.0,0.0,F,1.0,0.0,F,0.0,0.0,F,0.0,1.0,F,0.0,1.0,F,1.0,0.0,F,1.0,0.0,T,1.0,1.0,F,1.0,2.0,F,1.0,2.0,F,2.0,1.0,F,0.0,1.0,T,1.0,2.0,F,1.0,2.0,F,1.0,2.0,F,1.0,1.0,F,1.0,1.0,F,1.0,1.0,T,0.0,0.0,F,POINT (648691.7149375784 6880169.171936432),DSF_CHT_01_2022_20220620_40_DH_shp.zip,0xb1be85420deaadc7,MOMO,u,203,2,12,6,0,0,0,0.0,0.0,0
313.0,20220620_40_RELEVE,20-06-2022,jpdh,MOMO,993.0,3: 75 - 100 %,15,2,5,19.0,20,NON,,5.0,5.0,F,5.0,2.0,F,5.0,5.0,F,5.0,5.0,F,4.0,2.0,F,5.0,5.0,F,5.0,5.0,F,5.0,1.0,F,5.0,5.0,F,4.0,3.0,F,5.0,5.0,F,5.0,5.0,F,4.0,2.0,F,5.0,5.0,F,5.0,1.0,F,5.0,5.0,F,5.0,5.0,F,5.0,1.0,F,5.0,5.0,F,5.0,5.0,F,POINT (648674.2510783554 6880185.463971862),DSF_CHT_01_2022_20220620_40_DH_shp.zip,0xb817654f6357af36,MOMO,u,203,0,0,0,0,2,18,1.0,1.0,3
314.0,20220620_40_RELEVE,20-06-2022,jpdh,MOMO,71.0,3: 75 - 100 %,12,2,5,35.0,20,NON,,5.0,5.0,F,5.0,5.0,F,5.0,5.0,F,5.0,5.0,F,5.0,2.0,F,4.0,2.0,F,5.0,5.0,F,4.0,1.0,F,5.0,5.0,F,5.0,1.0,F,5.0,1.0,F,5.0,5.0,F,5.0,5.0,F,5.0,1.0,F,2.0,3.0,F,4.0,4.0,F,2.0,2.0,F,2.0,3.0,F,5.0,5.0,F,5.0,5.0,F,POINT (649545.5910734073 6878666.066704449),DSF_CHT_01_2022_20220620_40_DH_shp.zip,0xf476ac55f12ec81d,MOMO,u,223,0,0,0,3,2,15,0.85,1.0,3
315.0,20220620_40_RELEVE,20-06-2022,jpdh,MOMO,994.0,2: 50 - 75 %,25,4,5,13.0,40,NON,,5.0,1.0,F,2.0,2.0,F,5.0,5.0,F,3.0,3.0,F,5.0,5.0,F,4.0,2.0,F,4.0,2.0,F,2.0,3.0,F,2.0,3.0,F,2.0,3.0,F,1.0,2.0,F,5.0,1.0,F,4.0,3.0,F,4.0,1.0,F,4.0,3.0,F,3.0,3.0,F,5.0,1.0,F,5.0,5.0,F,4.0,2.0,F,5.0,5.0,F,POINT (650707.010565708 6879751.893124179),DSF_CHT_01_2022_20220620_40_DH_shp.zip,0x99e62522a560f2d4,MOMO,u,235,0,0,1,4,6,9,0.75,0.95,3
316.0,20220620_40_RELEVE,20-06-2022,jpdh,MOMO,65.0,1: 20 -50 %,32,5,5,15.0,20,NON,,3.0,3.0,F,5.0,5.0,F,3.0,3.0,T,4.0,2.0,F,0.0,0.0,F,1.0,0.0,T,0.0,1.0,T,0.0,0.0,F,0.0,0.0,T,0.0,0.0,F,1.0,1.0,F,0.0,0.0,T,0.0,1.0,F,1.0,1.0,F,0.0,1.0,T,0.0,0.0,F,1.0,1.0,F,1.0,1.0,T,2.0,3.0,F,1.0,2.0,F,POINT (650803.831453979 6879619.152510006),DSF_CHT_01_2022_20220620_40_DH_shp.zip,0xfeb7159573cffa83,MOMO,u,233,6,8,1,1,3,1,0.2,0.25,1
317.0,20220620_40_RELEVE,20-06-2022,jpdh,MOMO,70.0,1: 20 -50 %,19,5,5,16.0,20,NON,,5.0,5.0,F,4.0,3.0,F,5.0,5.0,F,4.0,3.0,F,1.0,2.0,F,1.0,1.0,F,5.0,5.0,F,5.0,5.0,F,3.0,2.0,F,4.0,2.0,F,4.0,2.0,F,0.0,1.0,T,1.0,1.0,T,0.0,0.0,T,0.0,0.0,F,0.0,1.0,T,4.0,1.0,F,2.0,3.0,F,0.0,1.0,F,5.0,5.0,F,POINT (650794.4568412278 6878715.788797431),DSF_CHT_01_2022_20220620_40_DH_shp.zip,0xbcd83d18ff62e310,MOMO,a,247,2,5,1,2,3,7,0.5,0.6,2
318.0,20220620_40_RELEVE,20-06-2022,jpdh,MOMO,72.0,3: 75 - 100 %,13,5,5,15.0,20,NON,,5.0,5.0,F,4.0,1.0,F,3.0,3.0,F,5.0,5.0,F,5.0,5.0,F,5.0,5.0,F,5.0,5.0,F,5.0,1.0,F,5.0,5.0,F,5.0,5.0,F,5.0,5.0,F,5.0,5.0,F,5.0,5.0,F,5.0,5.0,F,5.0,5.0,F,5.0,5.0,F,5.0,5.0,F,5.0,5.0,F,5.0,5.0,F,3.0,3.0,F,POINT (650871.6645080751 6878562.989737246),DSF_CHT_01_2022_20220620_40_DH_shp.zip,0xb10b5441fdd2e0b5,MOMO,a,247,0,0,0,0,3,17,1.0,1.0,3
319.0,20220620_40_RELEVE,20-06-2022,jpdh,MOMO,995.0,1: 20 -50 %,48,5,5,8.0,40,NON,,0.0,0.0,T,0.0,1.0,T,2.0,1.0,F,0.0,1.0,T,1.0,0.0,F,2.0,2.0,F,1.0,3.0,F,0.0,2.0,F,5.0,2.0,F,0.0,1.0,F,4.0,3.0,F,4.0,3.0,F,4.0,3.0,F,0.0,0.0,T,0.0,0.0,T,0.0,1.0,F,0.0,0.0,F,0.0,1.0,F,0.0,1.0,F,1.0,2.0,F,POINT (651387.2137612677 6879423.369599691),DSF_CHT_01_2022_20220620_40_DH_shp.zip,0x803c86f63b95bfe3,MOMO,a,241,4,7,3,2,0,4,0.2,0.3,1
320.0,20220620_40_RELEVE,20-06-2022,jpdh,MOMO,59.0,0: 0 - 20 %,22,5,5,15.0,40,NON,,0.0,0.0,F,0.0,1.0,F,1.0,2.0,F,2.0,2.0,F,2.0,2.0,F,1.0,2.0,F,0.0,2.0,F,0.0,1.0,F,1.0,2.0,F,5.0,5.0,F,2.0,3.0,F,0.0,1.0,T,0.0,1.0,T,0.0,1.0,F,2.0,2.0,F,1.0,2.0,F,1.0,2.0,F,1.0,2.0,F,1.0,2.0,F,1.0,3.0,F,POINT (650434.5607974094 6879775.166117318),DSF_CHT_01_2022_20220620_40_DH_shp.zip,0x4e4707a95109fcae,MOMO,u,235,1,5,8,5,0,1,0.05,0.3,0
321.0,20220620_40_RELEVE,20-06-2022,jpdh,MOMO,58.0,0: 0 - 20 %,27,5,5,14.0,20,NON,,1.0,2.0,T,0.0,1.0,F,1.0,1.0,T,3.0,2.0,F,1.0,2.0,F,1.0,1.0,F,0.0,0.0,F,0.0,0.0,T,0.0,0.0,F,0.0,0.0,F,1.0,2.0,F,0.0,0.0,F,1.0,2.0,F,1.0,2.0,F,0.0,1.0,F,1.0,0.0,F,1.0,0.0,F,5.0,5.0,F,0.0,1.0,F,1.0,0.0,F,POINT (650411.0458180112 6879852.489126921),DSF_CHT_01_2022_20220620_40_DH_shp.zip,0x197724397f1f34f2,MOMO,b,225,5,8,5,1,0,1,0.05,0.1,0
322.0,20220620_40_RELEVE,20-06-2022,jpdh,MOMO,996.0,0: 0 - 20 %,31,5,5,20.0,40,NON,,0.0,0.0,T,1.0,0.0,F,1.0,2.0,F,1.0,2.0,F,1.0,1.0,F,1.0,2.0,F,1.0,2.0,F,1.0,0.0,F,2.0,2.0,F,2.0,2.0,F,2.0,3.0,F,0.0,0.0,F,3.0,2.0,F,4.0,2.0,F,4.0,0.0,F,0.0,0.0,T,0.0,1.0,F,3.0,2.0,F,1.0,2.0,F,0.0,2.0,F,POINT (644108.0048695471 6882646.194825932),DSF_CHT_01_2022_20220620_40_DH_shp.zip,0xe42d1247c222ca21,MOMO,u,115,3,4,6,5,2,0,0.1,0.35,0
323.0,20220620_40_RELEVE,20-06-2022,jpdh,MOMO,997.0,0: 0 - 20 %,30,5,5,15.0,20,NON,,1.0,2.0,F,1.0,2.0,F,0.0,0.0,F,5.0,5.0,F,2.0,2.0,F,0.0,1.0,F,1.0,2.0,F,0.0,3.0,F,1.0,3.0,F,0.0,2.0,F,0.0,2.0,F,1.0,3.0,F,0.0,2.0,F,1.0,2.0,F,1.0,1.0,F,1.0,2.0,F,1.0,3.0,F,0.0,1.0,F,0.0,0.0,T,1.0,3.0,F,POINT (644791.5577532458 6882346.291600884),DSF_CHT_01_2022_20220620_40_DH_shp.zip,0xf942196feb7ef533,MOMO,u,113,2,3,8,6,0,1,0.05,0.35,0
52.0,20220620_6_MS,20-06-2022,sych vinet,RONQ,174.0,0: 0 - 20 %,27,4,5,30.0,30,NON,bon état général -  sous étage très dense -  descentes de cime généralisées,1.0,1.0,F,0.0,0.0,F,0.0,0.0,T,0.0,0.0,F,0.0,0.0,F,0.0,1.0,F,0.0,0.0,F,0.0,1.0,F,0.0,0.0,F,1.0,1.0,F,0.0,1.0,F,0.0,1.0,F,1.0,1.0,F,1.0,1.0,F,0.0,0.0,F,1.0,1.0,F,1.0,1.0,F,1.0,0.0,F,0.0,0.0,F,0.0,0.0,F,POINT (625052.4058815398 6838162.087226666),DSF_CHT_01_2022_20220620_6_MS_shp.zip,0x42802eaf4fb8f5fe,RONQ,u,2,9,11,0,0,0,0,0.0,0.0,0
146.0,20220621_41_NG,27-06-2022,girardot,ECHA,191.0,1: 20 -50 %,18,4,4,40.0,40,EMC,,5.0,5.0,F,5.0,4.0,F,0.0,2.0,F,0.0,0.0,F,0.0,1.0,F,0.0,1.0,F,0.0,1.0,F,0.0,1.0,F,0.0,1.0,F,0.0,1.0,F,4.0,4.0,F,3.0,3.0,F,0.0,1.0,F,0.0,1.0,F,2.0,2.0,F,4.0,2.0,F,0.0,1.0,F,0.0,1.0,F,0.0,1.0,F,0.0,1.0,F,POINT (654764.8260298031 6830751.280848415),DSF_CHT_01_2022_20220621_41_NG_shp.zip,0x232bba1f816538ba,ECHA,b,7,1,12,1,1,2,3,0.25,0.3,1
145.0,20220621_41_NG,27-06-2022,girardot,ECHA,193.0,1: 20 -50 %,11,4,4,3.0,40,NON,,5.0,4.0,F,4.0,5.0,F,0.0,2.0,F,1.0,1.0,F,3.0,4.0,F,0.0,1.0,F,1.0,1.0,F,1.0,1.0,F,0.0,0.0,F,0.0,2.0,F,1.0,2.0,F,1.0,1.0,F,0.0,1.0,F,0.0,1.0,F,0.0,1.0,F,0.0,1.0,F,0.0,0.0,F,1.0,1.0,F,4.0,5.0,F,0.0,1.0,F,POINT (655204.3993526583 6830595.306477588),DSF_CHT_01_2022_20220621_41_NG_shp.zip,0x27ac73320991c453,ECHA,u,9,2,11,3,0,0,4,0.2,0.2,1
144.0,20220621_41_NG,27-06-2022,girardot,ECHA,193.0,0: 0 - 20 %,17,4,4,4.0,40,NON,taillis diam 25 max,0.0,1.0,F,1.0,1.0,F,3.0,3.0,F,0.0,1.0,F,0.0,2.0,F,0.0,1.0,F,1.0,2.0,F,2.0,1.0,F,0.0,3.0,F,0.0,1.0,F,0.0,1.0,F,0.0,3.0,F,0.0,2.0,F,0.0,2.0,F,0.0,2.0,F,3.0,3.0,F,0.0,2.0,F,0.0,0.0,F,0.0,0.0,F,0.0,0.0,F,POINT (655204.3852822738 6830631.236448096),DSF_CHT_01_2022_20220621_41_NG_shp.zip,0x1bfe38e742469b0,ECHA,u,9,3,6,7,2,2,0,0.1,0.2,0
143.0,20220621_41_NG,27-06-2022,girardot,ECHA,192.0,1: 20 -50 %,19,4,5,4.0,30,NON,1 chx a 20m,4.0,0.0,F,1.0,1.0,F,4.0,2.0,F,1.0,0.0,F,2.0,1.0,F,3.0,1.0,F,0.0,2.0,F,1.0,1.0,F,1.0,1.0,T,1.0,1.0,F,1.0,2.0,F,5.0,5.0,F,4.0,4.0,F,1.0,2.0,F,1.0,1.0,F,1.0,2.0,F,0.0,1.0,F,0.0,1.0,F,0.0,1.0,F,0.0,1.0,F,POINT (655123.2169740634 6830664.810008509),DSF_CHT_01_2022_20220621_41_NG_shp.zip,0x4e831bc51f75cd21,ECHA,u,9,0,10,5,1,2,2,0.2,0.25,1
147.0,20220621_41_NG,27-06-2022,girardot,ECHA,190.0,0: 0 - 20 %,10,3,4,40.0,40,EMC,,0.0,1.0,F,0.0,1.0,F,0.0,1.0,F,0.0,1.0,F,0.0,1.0,F,0.0,0.0,F,2.0,1.0,F,0.0,1.0,F,0.0,1.0,F,0.0,1.0,F,0.0,0.0,F,2.0,1.0,F,3.0,4.0,F,4.0,4.0,F,0.0,2.0,F,5.0,5.0,F,1.0,1.0,F,1.0,1.0,F,1.0,1.0,F,0.0,1.0,F,POINT (654598.7443539801 6830824.131766663),DSF_CHT_01_2022_20220621_41_NG_shp.zip,0x4ade0fdb53dd808f,ECHA,a,1,2,12,3,0,0,3,0.15,0.15,0
148.0,20220621_41_NG,27-06-2022,girardot,ECHA,189.0,1: 20 -50 %,11,2,3,30.0,30,NON,taillis diam max 25,1.0,2.0,F,0.0,1.0,F,1.0,1.0,F,0.0,2.0,F,0.0,1.0,F,0.0,1.0,F,0.0,0.0,F,0.0,0.0,F,3.0,2.0,F,0.0,3.0,F,0.0,4.0,F,0.0,1.0,F,0.0,3.0,F,1.0,3.0,F,0.0,2.0,F,1.0,2.0,F,0.0,1.0,F,1.0,1.0,F,0.0,1.0,F,0.0,1.0,F,POINT (654810.3306957532 6830836.382207272),DSF_CHT_01_2022_20220621_41_NG_shp.zip,0xfaecc1c37dc07c4,ECHA,u,2,2,9,4,4,1,0,0.05,0.25,0
133.0,20220621_8_RELEVE,21-06-2022,pnfp,HAUTIL-V,69.0,1: 20 -50 %,41,5,5,10.0,20,NON,,2.0,2.0,F,5.0,5.0,F,5.0,5.0,F,3.0,3.0,F,5.0,5.0,F,5.0,5.0,F,5.0,5.0,F,5.0,5.0,F,4.0,4.0,T,4.0,4.0,T,3.0,3.0,T,5.0,5.0,F,5.0,5.0,T,5.0,5.0,F,4.0,4.0,F,5.0,5.0,F,4.0,4.0,F,5.0,5.0,F,4.0,4.0,F,4.0,4.0,F,POINT (625858.3760729468 6879408.982348877),DSF_CHT_01_2022_20220621_8_PNFP_shp.zip,0x455d92307ce41191,HAUTIL-V,a,35,0,0,0,1,2,17,0.95,1.0,3
134.0,20220621_8_RELEVE,21-06-2022,pnfp,HAUTIL-V,68.0,0: 0 - 20 %,33,5,5,11.0,20,NON,chx diam 45 à 4m centre,2.0,3.0,F,4.0,3.0,F,2.0,3.0,F,5.0,5.0,F,3.0,3.0,F,5.0,5.0,F,5.0,5.0,F,4.0,4.0,F,1.0,1.0,F,2.0,2.0,F,2.0,2.0,F,1.0,1.0,F,2.0,2.0,F,2.0,2.0,F,2.0,1.0,F,5.0,5.0,F,2.0,2.0,F,2.0,2.0,F,1.0,2.0,T,2.0,2.0,F,POINT (625975.9550803541 6879424.600891452),DSF_CHT_01_2022_20220621_8_PNFP_shp.zip,0x657ecf8f1ce89b47,HAUTIL-V,r,35,0,2,2,9,1,6,0.35,0.8,1
135.0,20220621_8_RELEVE,21-06-2022,pnfp,HAUTIL-V,74.0,1: 20 -50 %,41,5,5,11.0,30,NON,,4.0,4.0,F,4.0,4.0,F,2.0,2.0,F,2.0,2.0,F,5.0,5.0,F,2.0,3.0,F,3.0,3.0,F,3.0,2.0,T,5.0,5.0,F,5.0,5.0,F,5.0,5.0,F,4.0,4.0,F,4.0,4.0,F,1.0,2.0,F,1.0,2.0,F,5.0,5.0,F,5.0,5.0,F,5.0,5.0,F,5.0,5.0,F,5.0,5.0,F,POINT (625751.8569390638 6878476.955447012),DSF_CHT_01_2022_20220621_8_PNFP_shp.zip,0x24455179329dfab9,HAUTIL-V,r,42,0,0,2,4,1,13,0.7,0.9,2
136.0,20220621_8_RELEVE,21-06-2022,pnfp,HAUTIL-V,73.0,0: 0 - 20 %,49,5,5,10.0,40,NON,,1.0,1.0,T,1.0,1.0,T,0.0,1.0,T,2.0,1.0,T,1.0,1.0,T,1.0,1.0,T,1.0,0.0,T,1.0,2.0,T,2.0,1.0,T,1.0,2.0,T,1.0,1.0,T,1.0,1.0,T,1.0,2.0,F,2.0,1.0,T,1.0,1.0,F,1.0,2.0,T,1.0,2.0,T,2.0,1.0,F,0.0,1.0,T,1.0,1.0,F,POINT (625983.3131066049 6878498.968375079),DSF_CHT_01_2022_20220621_8_PNFP_shp.zip,0xa08b2da84da821c9,HAUTIL-V,r,50,0,11,9,0,0,0,0.0,0.0,0
1040.0,20220623_22_RELEVE,23-06-2022,carré fiault,MARLY-VS,96.0,0: 0 - 20 %,42,5,5,16.0,20,NON,présence jumelle ERS mort,0.0,1.0,F,0.0,1.0,T,0.0,0.0,F,0.0,1.0,F,1.0,2.0,F,0.0,1.0,T,0.0,1.0,F,1.0,1.0,F,0.0,1.0,F,0.0,1.0,F,0.0,1.0,T,1.0,2.0,T,1.0,2.0,T,0.0,0.0,F,0.0,1.0,T,0.0,1.0,F,2.0,2.0,F,5.0,5.0,F,0.0,1.0,F,0.0,2.0,F,POINT (628157.2826033125 6864346.049361268),DSF_CHT_01_2022_20220623_LC_MARLY-VS_shp.zip,0x34ead606b349e2b4,MARLY-VS,a,25,2,12,4,1,0,1,0.05,0.1,0
1041.0,20220623_22_RELEVE,23-06-2022,carré fiault,MARLY-VS,105.0,0: 0 - 20 %,47,4,5,10.0,40,NON,,1.0,2.0,F,0.0,1.0,F,1.0,2.0,F,0.0,2.0,F,1.0,3.0,F,1.0,2.0,F,1.0,3.0,F,1.0,1.0,F,1.0,1.0,F,0.0,2.0,F,1.0,1.0,F,0.0,1.0,F,1.0,1.0,T,1.0,1.0,F,1.0,1.0,F,1.0,3.0,F,1.0,2.0,F,1.0,2.0,F,1.0,2.0,F,1.0,1.0,F,POINT (629938.0260414369 6862224.0302928565),DSF_CHT_01_2022_20220623_LC_MARLY-VS_shp.zip,0xabd201be70278c0c,MARLY-VS,a,101,0,9,8,3,0,0,0.0,0.15,0
1042.0,20220623_22_RELEVE,23-06-2022,carré fiault,MARLY-VS,98.0,1: 20 -50 %,34,5,5,20.0,30,NON,1 Hêtre 1Til. dans placett,1.0,1.0,T,1.0,1.0,F,1.0,1.0,F,1.0,1.0,F,1.0,2.0,F,1.0,2.0,F,0.0,1.0,F,1.0,1.0,F,2.0,2.0,F,1.0,2.0,F,1.0,2.0,F,2.0,2.0,F,1.0,3.0,F,0.0,1.0,T,0.0,1.0,F,1.0,1.0,F,0.0,0.0,F,5.0,5.0,F,0.0,1.0,F,1.0,1.0,F,POINT (630066.4907398358 6863235.034272238),DSF_CHT_01_2022_20220623_LC_MARLY-VS_shp.zip,0x6f8b811ca737bdee,MARLY-VS,a,112,1,11,4,3,0,1,0.05,0.2,0
1043.0,20220623_22_RELEVE,28-06-2022,carré,MARLY-VS,117.0,0: 0 - 20 %,56,5,5,11.0,30,NON,,0.0,1.0,T,0.0,1.0,F,0.0,1.0,F,0.0,1.0,F,0.0,1.0,T,0.0,2.0,F,1.0,2.0,T,1.0,1.0,F,1.0,1.0,T,0.0,1.0,F,1.0,1.0,F,1.0,1.0,T,0.0,1.0,T,1.0,2.0,T,0.0,1.0,F,1.0,2.0,F,1.0,2.0,F,1.0,1.0,F,0.0,1.0,F,0.0,1.0,F,POINT (634197.29722571 6860418.387979659),DSF_CHT_01_2022_20220623_LC_MARLY-VS_shp.zip,0x83f0f989d493f12c,MARLY-VS,a,164,0,15,5,0,0,0,0.0,0.0,0
1044.0,20220623_22_RELEVE,28-06-2022,carré,MARLY-VS,116.0,1: 20 -50 %,35,4,5,16.0,20,AS,,2.0,3.0,F,4.0,4.0,F,1.0,2.0,F,5.0,5.0,F,1.0,3.0,T,2.0,3.0,F,3.0,3.0,T,2.0,4.0,T,1.0,2.0,F,1.0,1.0,T,3.0,2.0,F,0.0,1.0,T,1.0,2.0,F,3.0,2.0,F,0.0,1.0,T,1.0,3.0,T,2.0,3.0,F,0.0,2.0,F,0.0,1.0,F,1.0,2.0,F,POINT (631859.1959422232 6861245.316668961),DSF_CHT_01_2022_20220623_LC_MARLY-VS_shp.zip,0x7a6b731527cc2bd7,MARLY-VS,a,149,0,4,5,7,2,2,0.2,0.55,1
1045.0,20220623_22_RELEVE,28-06-2022,carré,MARLY-VS,115.0,1: 20 -50 %,27,4,5,24.0,20,NON,,5.0,5.0,F,5.0,5.0,F,0.0,1.0,F,0.0,1.0,F,0.0,1.0,F,0.0,1.0,F,0.0,1.0,F,0.0,1.0,F,2.0,2.0,F,0.0,2.0,F,0.0,1.0,F,1.0,1.0,F,0.0,1.0,T,1.0,2.0,F,1.0,2.0,F,0.0,2.0,F,0.0,1.0,F,0.0,1.0,F,1.0,3.0,F,1.0,3.0,T,POINT (631191.2384039792 6861651.520583405),DSF_CHT_01_2022_20220623_LC_MARLY-VS_shp.zip,0xef63eab612dc1c3,MARLY-VS,a,95,0,11,4,3,0,2,0.1,0.25,0
1046.0,20220623_22_RELEVE,28-06-2022,carré,MARLY-VS,113.0,1: 20 -50 %,29,4,5,18.0,30,NON,,5.0,5.0,F,0.0,2.0,F,1.0,3.0,F,0.0,2.0,F,1.0,1.0,F,2.0,2.0,F,0.0,1.0,F,1.0,3.0,F,0.0,1.0,T,0.0,2.0,F,0.0,3.0,F,0.0,3.0,F,0.0,2.0,F,1.0,2.0,F,1.0,2.0,T,1.0,3.0,F,1.0,3.0,F,0.0,1.0,F,0.0,1.0,T,1.0,1.0,T,POINT (631862.0741461491 6861764.041802887),DSF_CHT_01_2022_20220623_LC_MARLY-VS_shp.zip,0x5739d8a6ff3fb0f0,PARCM,u,322,0,6,6,7,0,1,0.05,0.4,0
1047.0,20220623_22_RELEVE,28-06-2022,carré,MARLY-VS,99.0,1: 20 -50 %,42,5,5,9.0,40,NON,,1.0,1.0,F,0.0,3.0,F,0.0,2.0,F,0.0,2.0,F,1.0,2.0,F,0.0,2.0,F,0.0,1.0,F,0.0,1.0,T,0.0,2.0,F,0.0,1.0,F,0.0,1.0,F,0.0,3.0,F,0.0,2.0,T,0.0,1.0,F,0.0,1.0,F,0.0,2.0,F,1.0,2.0,F,4.0,5.0,F,0.0,3.0,F,1.0,2.0,F,POINT (632404.7515304117 6862747.943673443),DSF_CHT_01_2022_20220623_LC_MARLY-VS_shp.zip,0xe2994b214936f326,MARLY-VS,a,136,0,7,9,3,0,1,0.05,0.2,0
1048.0,20220623_22_RELEVE,28-06-2022,carré,MARLY-VS,106.0,1: 20 -50 %,22,4,5,23.0,20,NON,un peu hétérogène entre Est/Ouest,0.0,2.0,F,1.0,2.0,F,1.0,2.0,F,2.0,3.0,F,0.0,1.0,F,0.0,0.0,F,0.0,0.0,F,1.0,1.0,F,1.0,2.0,F,2.0,3.0,F,1.0,2.0,F,1.0,2.0,F,0.0,2.0,F,3.0,3.0,F,1.0,2.0,T,1.0,2.0,T,1.0,2.0,F,0.0,1.0,F,0.0,1.0,F,1.0,3.0,F,POINT (632002.853566118 6862205.45340711),DSF_CHT_01_2022_20220623_LC_MARLY-VS_shp.zip,0x9c5e200e6c2b3ca9,MARLY-VS,u,133,2,4,10,3,1,0,0.05,0.2,0
1049.0,20220623_22_RELEVE,28-06-2022,carré,MARLY-VS,102.0,1: 20 -50 %,33,4,5,14.0,30,NON,,0.0,1.0,F,1.0,2.0,F,0.0,2.0,F,5.0,5.0,F,1.0,3.0,F,1.0,1.0,F,0.0,1.0,F,1.0,2.0,T,2.0,3.0,F,0.0,3.0,F,0.0,2.0,F,0.0,3.0,F,1.0,2.0,F,1.0,2.0,T,0.0,1.0,F,1.0,3.0,F,5.0,5.0,F,2.0,3.0,F,1.0,3.0,F,0.0,2.0,F,POINT (631929.3280807523 6862430.932074063),DSF_CHT_01_2022_20220623_LC_MARLY-VS_shp.zip,0x55b96c9e95412d13,MARLY-VS,u,131,0,4,7,7,0,2,0.1,0.45,0
1050.0,20220623_22_RELEVE,28-06-2022,carré,MARLY-VS,103.0,1: 20 -50 %,21,5,5,18.0,20,NON,G difficile s/s étage dense,0.0,1.0,F,1.0,3.0,F,1.0,3.0,F,1.0,2.0,F,2.0,3.0,F,4.0,5.0,F,2.0,2.0,F,1.0,3.0,F,2.0,3.0,F,3.0,4.0,F,1.0,2.0,F,1.0,3.0,F,1.0,2.0,T,0.0,1.0,T,2.0,2.0,F,1.0,3.0,F,1.0,3.0,F,1.0,2.0,T,4.0,4.0,F,2.0,3.0,F,POINT (631551.2589419177 6862375.635012101),DSF_CHT_01_2022_20220623_LC_MARLY-VS_shp.zip,0x3fdc69c242685705,MARLY-VS,u,128,0,2,4,11,0,3,0.15,0.7,0
1051.0,20220623_22_RELEVE,01-07-2022,carré,MARLY-VS,86.0,3: 75 - 100 %,43,3,4,8.0,20,NON,PPt hétérogène Ouest (mort +++)/ Est (feuilles),2.0,4.0,F,2.0,4.0,F,5.0,5.0,F,5.0,5.0,F,5.0,5.0,F,5.0,5.0,F,5.0,5.0,F,5.0,5.0,F,5.0,5.0,F,5.0,5.0,F,5.0,5.0,F,4.0,5.0,F,1.0,5.0,F,1.0,4.0,F,1.0,3.0,F,1.0,5.0,F,1.0,4.0,F,1.0,2.0,F,1.0,3.0,F,1.0,2.0,T,POINT (628533.5968021468 6866662.0350161195),DSF_CHT_01_2022_20220623_LC_MARLY-VS_shp.zip,0x587d4a3fe33905e3,DSF,,,0,0,2,2,4,12,0.8,0.9,3
1052.0,20220623_22_RELEVE,01-07-2022,carré,MARLY-VS,97.0,0: 0 - 20 %,30,5,5,18.0,30,NON,,0.0,1.0,F,0.0,1.0,F,0.0,1.0,F,1.0,1.0,F,0.0,0.0,F,1.0,1.0,T,0.0,1.0,F,0.0,1.0,F,0.0,1.0,F,1.0,1.0,F,0.0,1.0,F,0.0,1.0,T,0.0,1.0,F,0.0,1.0,T,1.0,1.0,F,0.0,1.0,F,0.0,2.0,F,1.0,1.0,F,0.0,1.0,F,0.0,1.0,F,POINT (627999.9590327621 6863992.574822709),DSF_CHT_01_2022_20220623_LC_MARLY-VS_shp.zip,0xc742643fe6aaf273,MARLY-VS,b,27,1,18,1,0,0,0,0.0,0.0,0
1053.0,20220623_22_RELEVE,01-07-2022,carré,MARLY-VS,95.0,0: 0 - 20 %,44,5,5,14.0,20,NON,,0.0,1.0,F,0.0,1.0,F,0.0,1.0,F,0.0,1.0,F,0.0,1.0,F,0.0,1.0,F,0.0,2.0,F,0.0,1.0,F,0.0,2.0,F,1.0,1.0,F,0.0,1.0,F,0.0,1.0,F,0.0,1.0,F,0.0,1.0,F,0.0,1.0,F,0.0,2.0,T,0.0,1.0,F,0.0,2.0,F,0.0,1.0,F,0.0,2.0,F,POINT (635758.4322883954 6861919.60344035),DSF_CHT_01_2022_20220623_LC_MARLY-VS_shp.zip,0x88d4fb0bbb593fb,MARLY-VS,a,209,0,15,5,0,0,0,0.0,0.0,0
142.0,20220628_10_fpnl,28-06-2022,fpnl,ISAD,26.0,0: 0 - 20 %,32,5,5,16.0,30,NON,1 TRE et 1BOU,0.0,1.0,F,0.0,1.0,F,1.0,0.0,F,0.0,1.0,F,0.0,1.0,F,1.0,1.0,F,1.0,1.0,F,1.0,2.0,F,0.0,1.0,F,1.0,2.0,F,1.0,2.0,F,0.0,1.0,F,2.0,2.0,F,1.0,1.0,F,1.0,1.0,F,0.0,1.0,F,0.0,1.0,F,1.0,1.0,F,0.0,1.0,F,0.0,2.0,T,POINT (646961.1360159485 6887730.490328535),DSF_CHT_01_2022_20220628_10_fpnl_shp.zip,0xc167bc3fb48967f7,ISAD,u,38,0,15,4,1,0,0,0.0,0.05,0
143.0,20220628_10_fpnl,28-06-2022,fpnl,ISAD,25.0,0: 0 - 20 %,32,5,5,16.0,20,NON,g 5chx 1bou présence gros chx tsf après 20m,0.0,1.0,F,0.0,0.0,F,0.0,1.0,F,0.0,1.0,F,0.0,0.0,F,0.0,1.0,T,0.0,1.0,F,0.0,0.0,F,0.0,0.0,F,0.0,1.0,F,0.0,1.0,F,0.0,0.0,F,0.0,1.0,F,0.0,0.0,F,0.0,1.0,F,0.0,1.0,F,0.0,1.0,F,1.0,1.0,F,1.0,0.0,F,1.0,0.0,F,POINT (646829.7509331338 6887801.519128786),DSF_CHT_01_2022_20220628_10_fpnl_shp.zip,0xd54923fdfc0cb5f7,ISAD,u,38,6,14,0,0,0,0,0.0,0.0,0
144.0,20220628_10_fpnl,28-06-2022,fpnl,ISAD,27.0,0: 0 - 20 %,24,2,1,16.0,20,NON,g 1tre 1chx coupe emc martelée,1.0,1.0,F,2.0,1.0,F,0.0,2.0,F,1.0,1.0,F,1.0,2.0,F,0.0,1.0,F,0.0,1.0,F,0.0,2.0,F,2.0,1.0,F,1.0,0.0,F,2.0,1.0,F,2.0,2.0,F,1.0,2.0,T,3.0,1.0,F,0.0,2.0,F,0.0,2.0,F,0.0,1.0,F,1.0,2.0,F,0.0,1.0,F,0.0,2.0,F,POINT (646688.4429315291 6887381.685424576),DSF_CHT_01_2022_20220628_10_fpnl_shp.zip,0xf6ddf8c404368c6e,ISAD,a,42,0,7,11,2,0,0,0.0,0.1,0
4.0,20220628_2_RELEVE,28-06-2022,sw tb,SACH,172.0,1: 20 -50 %,37,5,5,12.0,30,NON,belles hauteurs  -  dense  -  2 gros chenes à 30 m,1.0,2.0,T,1.0,2.0,T,1.0,2.0,T,1.0,3.0,T,1.0,1.0,T,3.0,2.0,T,0.0,1.0,T,5.0,5.0,F,2.0,2.0,T,1.0,2.0,T,3.0,2.0,T,3.0,2.0,T,3.0,2.0,T,1.0,1.0,T,1.0,1.0,T,1.0,1.0,T,0.0,1.0,T,0.0,0.0,T,0.0,2.0,T,0.0,2.0,T,POINT (645992.4514257824 6842061.412323804),DSF_CHT_01_2022_20220628_2_RELEVE_shp.zip,0xcb030ab569f5c06a,SACH,u,16,1,6,6,6,0,1,0.05,0.35,0
5.0,20220628_2_RELEVE,28-06-2022,sw tb,SACH,171.0,1: 20 -50 %,30,5,5,10.0,40,NON,taillis pb bm  -  de,5.0,5.0,F,5.0,5.0,F,0.0,2.0,F,5.0,5.0,F,1.0,4.0,F,1.0,3.0,F,3.0,2.0,F,1.0,4.0,F,1.0,2.0,F,2.0,3.0,F,1.0,1.0,T,5.0,5.0,T,0.0,2.0,T,1.0,1.0,F,1.0,4.0,T,0.0,2.0,T,1.0,3.0,T,1.0,4.0,T,1.0,2.0,T,1.0,2.0,T,POINT (646291.6775375634 6842126.907990804),DSF_CHT_01_2022_20220628_2_RELEVE_shp.zip,0xfc5be4268b4d4eb4,SACH,u,18,0,2,6,4,4,4,0.4,0.6,1
6.0,20220628_2_RELEVE,28-06-2022,sw tb,SACH,169.0,1: 20 -50 %,57,5,5,11.0,20,NON,taillis bm dense,0.0,1.0,T,1.0,2.0,T,3.0,2.0,T,0.0,2.0,T,0.0,2.0,T,0.0,2.0,T,0.0,2.0,T,5.0,5.0,F,1.0,2.0,T,0.0,2.0,T,2.0,2.0,T,0.0,1.0,T,5.0,5.0,T,3.0,3.0,T,0.0,2.0,T,1.0,3.0,T,1.0,2.0,T,1.0,3.0,T,4.0,1.0,T,5.0,5.0,T,POINT (644638.0041210346 6842534.257610125),DSF_CHT_01_2022_20220628_2_RELEVE_shp.zip,0x33e9410b68fe2155,SACH,u,3,0,2,9,4,2,3,0.25,0.45,1
7.0,20220628_2_RELEVE,28-06-2022,sw tb,SACH,170.0,0: 0 - 20 %,55,5,5,10.0,20,NON,point décalé pour raison de coupe sanitaire,0.0,2.0,T,0.0,2.0,T,0.0,2.0,T,1.0,2.0,T,0.0,3.0,T,0.0,3.0,T,0.0,2.0,T,0.0,2.0,T,0.0,2.0,T,1.0,2.0,T,0.0,1.0,T,0.0,1.0,T,0.0,1.0,T,0.0,1.0,T,0.0,3.0,T,0.0,3.0,T,0.0,3.0,T,0.0,2.0,T,0.0,1.0,T,0.0,1.0,T,POINT (644745.6114282934 6842492.936433153),DSF_CHT_01_2022_20220628_2_RELEVE_shp.zip,0xa1ce1fdf1f550d5f,SACH,a,6,0,6,9,5,0,0,0.0,0.25,0
137.0,20220628_9_fpmb,28-06-2022,fpmb,BUTTESPA,75.0,2: 50 - 75 %,15,5,5,35.0,40,NON,ppt globalement en état San moyen mais pas deperissant,1.0,1.0,F,0.0,1.0,F,2.0,2.0,F,1.0,2.0,F,2.0,1.0,F,0.0,1.0,F,0.0,1.0,F,1.0,2.0,F,1.0,2.0,F,3.0,2.0,F,1.0,2.0,F,1.0,3.0,F,1.0,2.0,F,3.0,3.0,F,3.0,3.0,F,3.0,2.0,F,1.0,2.0,T,2.0,3.0,T,1.0,2.0,F,0.0,1.0,F,POINT (641160.6978539294 6876692.257753105),DSF_CHT_01_2022_20220628_9_fpmb_shp.zip,0x4cb1227361b14d86,BUTTESPA,a,4,0,5,8,5,2,0,0.1,0.35,0
138.0,20220628_9_fpmb,28-06-2022,fpmb,BUTTESPA,76.0,0: 0 - 20 %,17,5,5,40.0,40,NON,,3.0,3.0,F,0.0,1.0,F,0.0,1.0,F,1.0,1.0,F,1.0,1.0,F,2.0,2.0,T,1.0,1.0,F,3.0,2.0,F,1.0,2.0,F,1.0,2.0,F,2.0,2.0,F,0.0,1.0,F,0.0,2.0,F,3.0,2.0,F,1.0,2.0,F,0.0,1.0,F,1.0,2.0,F,2.0,3.0,F,2.0,2.0,F,1.0,2.0,F,POINT (641280.234108479 6876540.92271287),DSF_CHT_01_2022_20220628_9_fpmb_shp.zip,0x38bc885338a418da,BUTTESPA,a,4,0,7,6,6,1,0,0.05,0.35,0
139.0,20220628_9_fpmb,28-06-2022,fpmb,BUTTESPA,77.0,2: 50 - 75 %,33,5,5,22.0,40,NON,,5.0,4.0,F,5.0,5.0,F,5.0,5.0,F,4.0,4.0,F,0.0,1.0,F,4.0,4.0,F,4.0,4.0,F,2.0,3.0,F,4.0,4.0,F,4.0,4.0,F,1.0,2.0,F,1.0,2.0,F,2.0,2.0,F,4.0,4.0,F,1.0,1.0,F,0.0,1.0,F,1.0,1.0,F,0.0,1.0,F,2.0,2.0,F,2.0,2.0,F,POINT (640950.3330117686 6876343.6622348195),DSF_CHT_01_2022_20220628_9_fpmb_shp.zip,0x3c4625942b2b014a,BUTTESPA,b,3,0,5,2,4,0,9,0.45,0.65,1
140.0,20220628_9_fpmb,28-06-2022,fpmb,BUTTESPA,78.0,0: 0 - 20 %,53,5,5,20.0,40,NON,ppt très sain,0.0,1.0,F,0.0,1.0,F,1.0,1.0,F,1.0,1.0,F,0.0,1.0,F,1.0,1.0,F,0.0,2.0,F,1.0,1.0,F,1.0,2.0,F,1.0,2.0,F,1.0,2.0,F,1.0,1.0,F,1.0,2.0,F,2.0,2.0,F,2.0,2.0,F,1.0,2.0,F,1.0,2.0,F,0.0,0.0,F,1.0,1.0,F,1.0,2.0,F,POINT (642526.1110113149 6876052.039361735),DSF_CHT_01_2022_20220628_9_fpmb_shp.zip,0x7539b3cad2991432,BUTTESPA,a,8,1,9,8,2,0,0,0.0,0.1,0
141.0,20220628_9_fpmb,28-06-2022,fpmb,BUTTESPA,79.0,1: 20 -50 %,31,5,5,25.0,30,NON,,4.0,4.0,F,3.0,3.0,F,0.0,1.0,F,1.0,1.0,F,4.0,4.0,F,1.0,2.0,F,1.0,1.0,F,1.0,2.0,F,1.0,2.0,F,1.0,2.0,F,2.0,2.0,F,2.0,2.0,F,3.0,3.0,F,2.0,3.0,F,2.0,1.0,F,2.0,1.0,F,1.0,1.0,F,1.0,2.0,F,2.0,1.0,F,1.0,1.0,T,POINT (642741.1650418069 6875892.874680421),DSF_CHT_01_2022_20220628_9_fpmb_shp.zip,0x7f245e185c6bb1b6,BUTTESPA,a,8,0,5,8,3,2,2,0.2,0.35,1
150.0,20220704_43_ng,04-07-2022,girardot,SAINTEUT,180.0,3: 75 - 100 %,29,5,5,40.0,40,NON,coupe rase prevue en 2022-2023,3.0,3.0,F,5.0,5.0,F,5.0,4.0,F,5.0,4.0,F,5.0,4.0,F,3.0,3.0,F,2.0,2.0,F,3.0,3.0,F,4.0,2.0,F,5.0,5.0,F,5.0,5.0,F,1.0,4.0,F,1.0,1.0,F,4.0,5.0,F,0.0,1.0,F,3.0,3.0,T,4.0,4.0,F,3.0,3.0,F,3.0,4.0,F,5.0,5.0,F,POINT (653354.0723707601 6836692.26919086),DSF_CHT_01_2022_20220704_43_ng_shp.zip,0xccd370108051d4d1,SAINTEUT,a,2,0,2,0,1,7,10,0.85,0.9,3
151.0,20220704_43_ng,04-07-2022,girardot,SAINTEUT,179.0,3: 75 - 100 %,24,4,4,40.0,40,NON,rase prevue en 2022 2023,5.0,5.0,F,4.0,4.0,F,4.0,4.0,F,4.0,4.0,F,4.0,5.0,F,5.0,5.0,F,5.0,5.0,F,2.0,3.0,F,1.0,2.0,F,4.0,4.0,F,4.0,5.0,F,3.0,3.0,F,3.0,4.0,F,0.0,2.0,F,4.0,5.0,F,2.0,3.0,F,4.0,4.0,F,4.0,4.0,F,5.0,4.0,F,4.0,5.0,F,POINT (653349.5725847979 6836751.728327344),DSF_CHT_01_2022_20220704_43_ng_shp.zip,0x1afbb30ba0f5a981,SAINTEUT,a,2,0,0,2,2,1,15,0.8,0.9,3
152.0,20220704_43_ng,04-07-2022,girardot,SAINTEUT,182.0,3: 75 - 100 %,27,5,5,40.0,40,NON,,5.0,5.0,F,3.0,3.0,F,5.0,4.0,F,2.0,3.0,F,2.0,4.0,F,4.0,4.0,F,5.0,5.0,F,5.0,5.0,F,2.0,3.0,F,3.0,2.0,F,2.0,2.0,F,1.0,1.0,F,1.0,2.0,F,1.0,2.0,F,0.0,0.0,F,1.0,3.0,F,1.0,3.0,F,4.0,4.0,F,4.0,4.0,F,4.0,4.0,F,POINT (653682.7186664239 6836439.249137151),DSF_CHT_01_2022_20220704_43_ng_shp.zip,0xe81c5f558e45441d,SAINTEUT,a,5,1,1,2,6,2,8,0.5,0.8,2
153.0,20220704_43_ng,04-07-2022,girardot,SAINTEUT,183.0,3: 75 - 100 %,18,5,5,40.0,40,NON,rase prevue 2022-2023,5.0,5.0,F,5.0,5.0,F,5.0,5.0,F,5.0,5.0,F,5.0,5.0,F,5.0,5.0,F,5.0,4.0,F,4.0,4.0,F,4.0,4.0,F,4.0,3.0,F,5.0,5.0,F,5.0,5.0,F,4.0,3.0,F,5.0,5.0,F,4.0,4.0,F,5.0,5.0,F,5.0,4.0,F,4.0,5.0,F,4.0,5.0,F,5.0,5.0,F,POINT (653738.883809978 6836427.651876494),DSF_CHT_01_2022_20220704_43_ng_shp.zip,0x89d653434a9d5f9,SAINTEUT,a,5,0,0,0,0,0,20,1.0,1.0,3
154.0,20220704_43_ng,04-07-2022,girardot,SAINTEUT,181.0,3: 75 - 100 %,29,5,5,40.0,40,NON,rase en 2022 2023,5.0,5.0,F,4.0,4.0,F,5.0,4.0,F,5.0,5.0,F,5.0,5.0,F,5.0,5.0,F,4.0,4.0,F,4.0,4.0,F,1.0,3.0,F,5.0,5.0,F,3.0,3.0,F,5.0,5.0,F,5.0,5.0,F,4.0,4.0,F,4.0,3.0,F,4.0,3.0,F,5.0,5.0,F,4.0,4.0,F,5.0,5.0,F,5.0,5.0,F,POINT (653726.5917325113 6836457.534171),DSF_CHT_01_2022_20220704_43_ng_shp.zip,0xe1eb6e7eb4bdbc9b,SAINTEUT,a,2,0,0,0,1,1,18,0.95,1.0,3
53.0,20220704_7_MS,04-07-2022,sych,CARN,901.0,0: 0 - 20 %,33,4,4,17.0,20,NON,,1.0,1.0,F,2.0,1.0,F,0.0,1.0,F,1.0,1.0,F,1.0,1.0,F,1.0,0.0,F,1.0,1.0,F,1.0,1.0,F,0.0,0.0,F,2.0,2.0,F,0.0,1.0,F,1.0,2.0,F,1.0,0.0,F,0.0,0.0,F,1.0,0.0,F,1.0,1.0,F,0.0,1.0,F,1.0,2.0,F,1.0,2.0,F,1.0,0.0,F,POINT (649844.316007332 6891544.7735337475),DSF_CHT_01_2022_20220704_7_MS_shp.zip,0x6779b6a1cd9b8f5c,CARN,a,27,2,13,4,1,0,0,0.0,0.05,0
55.0,20220704_7_MS,04-07-2022,sych,CARN,902.0,0: 0 - 20 %,34,4,4,24.0,30,NON,,1.0,1.0,F,1.0,2.0,F,1.0,2.0,F,1.0,1.0,F,1.0,2.0,F,1.0,1.0,F,1.0,0.0,F,2.0,2.0,F,1.0,1.0,F,0.0,1.0,F,1.0,2.0,F,1.0,0.0,F,1.0,1.0,F,1.0,1.0,F,0.0,1.0,F,2.0,1.0,F,3.0,3.0,F,1.0,1.0,F,0.0,1.0,F,2.0,2.0,F,POINT (649911.4770126346 6891743.150573613),DSF_CHT_01_2022_20220704_7_MS_shp.zip,0x25b945dbabd35bbc,CARN,u,26,0,12,5,2,1,0,0.05,0.15,0
56.0,20220704_7_MS,04-07-2022,sych,CARN,903.0,0: 0 - 20 %,34,4,5,26.0,30,NON,,1.0,1.0,F,1.0,1.0,F,1.0,1.0,F,0.0,0.0,F,2.0,2.0,F,0.0,1.0,F,0.0,1.0,F,0.0,1.0,F,0.0,1.0,F,2.0,2.0,F,1.0,2.0,F,2.0,1.0,F,1.0,1.0,F,1.0,0.0,F,1.0,1.0,F,0.0,1.0,F,2.0,1.0,F,2.0,1.0,F,1.0,1.0,F,0.0,1.0,F,POINT (650046.9624303316 6891662.207611909),DSF_CHT_01_2022_20220704_7_MS_shp.zip,0x9b8c2500a363b7a6,CARN,u,25,1,13,4,2,0,0,0.0,0.1,0
299.0,20220705_15_AVI,05-07-2022,vinet aodren,RAMB,232.0,2: 50 - 75 %,51,2,4,15.0,20,NON,,2.0,2.0,F,3.0,3.0,F,1.0,1.0,F,1.0,1.0,F,2.0,2.0,F,0.0,0.0,F,1.0,2.0,F,3.0,3.0,F,1.0,1.0,F,2.0,3.0,F,4.0,4.0,F,4.0,4.0,F,4.0,4.0,F,4.0,3.0,F,4.0,4.0,F,5.0,5.0,F,5.0,5.0,F,4.0,4.0,F,4.0,4.0,F,0.0,1.0,F,POINT (608950.204509143 6856078.995046495),DSF_CHT_01_2022_20220705_15_AVI_shp.zip,0xba7a3621b54ab681,RAMB,a,0232,1,4,1,3,2,9,0.55,0.7,2
300.0,20220705_15_AVI,06-07-2022,vinet aodren,RAMB,2411.0,0: 0 - 20 %,34,3,5,25.0,20,NON,,1.0,1.0,F,0.0,0.0,F,0.0,0.0,F,1.0,1.0,F,0.0,0.0,F,1.0,1.0,F,0.0,1.0,F,0.0,1.0,F,1.0,1.0,F,1.0,2.0,F,0.0,1.0,F,1.0,1.0,F,2.0,2.0,F,1.0,1.0,F,2.0,2.0,F,2.0,2.0,F,1.0,1.0,F,2.0,2.0,F,0.0,1.0,F,0.0,1.0,F,POINT (622435.5828042184 6835249.6513771),DSF_CHT_01_2022_20220705_15_AVI_shp.zip,0x378e55bb3d9b4f1c,RAMB,b,2411,3,12,1,4,0,0,0.0,0.2,0
301.0,20220705_15_AVI,06-07-2022,vinet aodren,RAMB,2412.0,1: 20 -50 %,36,3,5,30.0,30,NON,,0.0,0.0,F,0.0,0.0,F,1.0,1.0,F,0.0,1.0,F,0.0,0.0,F,0.0,1.0,F,0.0,0.0,F,1.0,2.0,F,1.0,1.0,F,0.0,2.0,F,0.0,1.0,F,1.0,1.0,F,1.0,1.0,F,0.0,0.0,F,0.0,2.0,F,0.0,2.0,F,1.0,2.0,F,1.0,1.0,F,1.0,1.0,F,1.0,2.0,F,POINT (622470.2516771461 6835342.505178093),DSF_CHT_01_2022_20220705_15_AVI_shp.zip,0x1ba530d77dcdfe18,RAMB,u,2412,5,9,6,0,0,0,0.0,0.0,0
17.0,20220705_f_repose,05-07-2022,sw,F-REPOSE,118.0,0: 0 - 20 %,33,5,5,12.0,20,NON,point déplacé : trop prêt du château d'eau  -  boleau bm en bordure de placette,5.0,5.0,F,5.0,5.0,F,0.0,1.0,F,0.0,3.0,F,0.0,2.0,F,0.0,2.0,T,0.0,3.0,T,1.0,3.0,T,1.0,3.0,T,5.0,5.0,F,5.0,5.0,F,0.0,2.0,T,0.0,2.0,T,0.0,1.0,T,0.0,2.0,F,0.0,0.0,T,1.0,2.0,F,0.0,0.0,F,0.0,1.0,F,0.0,2.0,F,POINT (637238.6011611045 6859829.741166132),DSF_CHT_01_2022_20220705_f_repose_shp.zip,0xb05abb05595c8057,F-REPOSE,b,7,2,3,7,4,0,4,0.2,0.4,1
18.0,20220705_f_repose,05-07-2022,sw,F-REPOSE,119.0,0: 0 - 20 %,26,5,5,9.0,20,NON,gros chene en bordure de placette  -  chene pb compté sur le placeau,0.0,1.0,F,0.0,2.0,F,1.0,2.0,F,1.0,2.0,F,0.0,3.0,F,0.0,1.0,F,0.0,0.0,T,0.0,1.0,F,5.0,5.0,F,1.0,3.0,F,0.0,2.0,F,2.0,4.0,F,0.0,2.0,F,0.0,2.0,F,0.0,2.0,T,0.0,3.0,F,0.0,3.0,F,0.0,1.0,F,0.0,1.0,T,0.0,1.0,F,POINT (637136.7266960507 6859121.202475489),DSF_CHT_01_2022_20220705_f_repose_shp.zip,0x97dfc1b697dbe0b9,F-REPOSE,a,24,1,6,7,4,1,1,0.1,0.3,0
1054.0,20220705_23_RELEVE,05-07-2022,carré douchin,VERSAILL,146.0,0: 0 - 20 %,50,4,5,12.0,20,AS,limite hétérogène à 10%,0.0,1.0,F,1.0,2.0,F,2.0,3.0,F,2.0,2.0,F,1.0,1.0,T,2.0,1.0,F,1.0,1.0,F,5.0,5.0,F,1.0,2.0,F,1.0,2.0,F,1.0,2.0,F,1.0,2.0,F,1.0,1.0,F,1.0,2.0,F,1.0,1.0,F,0.0,1.0,F,1.0,1.0,F,1.0,1.0,F,1.0,2.0,F,1.0,2.0,F,POINT (638072.865470955 6854409.564541631),DSF_CHT_01_2022_20220705_LC_VERSAILL_shp.zip,0x6c5916b2a1372dc2,VERSAILL,b,25,0,8,9,2,0,1,0.05,0.15,0
1055.0,20220705_23_RELEVE,05-07-2022,carré douchin,VERSAILL,147.0,0: 0 - 20 %,44,5,5,9.0,20,EMC,,0.0,1.0,F,1.0,2.0,F,1.0,2.0,F,1.0,2.0,F,1.0,1.0,F,1.0,1.0,F,1.0,3.0,F,1.0,2.0,F,1.0,1.0,F,2.0,3.0,F,1.0,1.0,T,2.0,2.0,F,0.0,1.0,F,2.0,1.0,F,1.0,2.0,F,1.0,3.0,F,1.0,2.0,F,2.0,2.0,F,1.0,2.0,F,2.0,3.0,F,POINT (638450.7309487477 6854257.408640739),DSF_CHT_01_2022_20220705_LC_VERSAILL_shp.zip,0x4409121cceb8e246,VERSAILL,b,35,0,6,8,6,0,0,0.0,0.3,0
1057.0,20220705_23_RELEVE,05-07-2022,carré douchin,VERSAILL,142.0,0: 0 - 20 %,39,5,5,17.0,20,NON,,0.0,1.0,T,1.0,1.0,F,0.0,1.0,F,0.0,1.0,F,0.0,1.0,T,1.0,2.0,T,0.0,1.0,F,3.0,4.0,F,1.0,2.0,T,0.0,1.0,F,0.0,1.0,F,0.0,1.0,F,0.0,0.0,F,0.0,1.0,T,1.0,1.0,T,0.0,1.0,F,0.0,1.0,T,0.0,1.0,F,0.0,1.0,F,1.0,1.0,F,POINT (633243.8617557132 6855189.770597997),DSF_CHT_01_2022_20220705_LC_VERSAILL_shp.zip,0xe635d7c72a8761b0,VERSAILL,a,7,1,16,2,0,0,1,0.05,0.05,0
1056.0,20220705_23_RELEVE,05-07-2022,carré douchin,VERSAILL,139.0,1: 20 -50 %,43,5,5,16.0,20,NON,Point légèrement décalé.,2.0,1.0,T,1.0,3.0,T,2.0,3.0,T,4.0,4.0,F,5.0,5.0,F,4.0,4.0,F,0.0,1.0,T,1.0,2.0,T,0.0,1.0,T,1.0,1.0,T,1.0,2.0,F,3.0,2.0,T,1.0,2.0,F,1.0,2.0,F,0.0,2.0,F,2.0,3.0,F,5.0,5.0,F,4.0,5.0,F,5.0,5.0,T,5.0,5.0,F,POINT (633510.1112598437 6855230.050458369),DSF_CHT_01_2022_20220705_LC_VERSAILL_shp.zip,0x70f4ee9d8aa5219c,VERSAILL,c,8,0,3,6,4,0,7,0.35,0.55,1
1058.0,20220705_23_RELEVE,05-07-2022,carré douchin,VERSAILL,136.0,1: 20 -50 %,41,4,5,13.0,20,EMC,déplacer de qq mètres /CHX,1.0,3.0,F,1.0,3.0,F,2.0,3.0,F,1.0,2.0,F,2.0,2.0,F,1.0,2.0,F,2.0,3.0,F,0.0,2.0,F,1.0,2.0,F,1.0,3.0,T,1.0,2.0,F,0.0,1.0,F,1.0,3.0,F,0.0,2.0,F,1.0,3.0,F,1.0,2.0,F,0.0,1.0,T,1.0,2.0,F,0.0,1.0,T,1.0,2.0,F,POINT (631955.0456450323 6855552.027010786),DSF_CHT_01_2022_20220705_LC_VERSAILL_shp.zip,0x4280b238ba41826e,VERSAILL,b,1,0,3,9,8,0,0,0.0,0.4,0
1059.0,20220705_23_RELEVE,05-07-2022,carré douchin,VERSAILL,135.0,0: 0 - 20 %,34,5,5,16.0,20,NON,en remplacement,0.0,1.0,T,0.0,0.0,T,0.0,0.0,F,0.0,1.0,T,0.0,0.0,T,0.0,0.0,F,0.0,1.0,T,1.0,1.0,F,0.0,1.0,F,0.0,1.0,T,0.0,0.0,T,0.0,1.0,T,0.0,0.0,T,0.0,0.0,T,0.0,0.0,F,0.0,1.0,T,0.0,1.0,T,0.0,1.0,F,0.0,1.0,T,0.0,1.0,T,POINT (632545.9939828704 6855408.276824267),DSF_CHT_01_2022_20220705_LC_VERSAILL_shp.zip,0xdafe7540061e00c2,VERSAILL,u,3,8,12,0,0,0,0,0.0,0.0,0
10.0,20220705_malmaison,05-07-2022,sw,MALMAI92,112.0,3: 75 - 100 %,37,5,5,12.0,20,NON,point deplace  -  taillis pb bm deperissant,5.0,5.0,T,0.0,2.0,T,0.0,3.0,T,1.0,4.0,T,1.0,4.0,T,5.0,5.0,F,5.0,5.0,F,5.0,5.0,F,5.0,5.0,F,4.0,1.0,F,5.0,5.0,F,4.0,2.0,F,2.0,3.0,T,1.0,3.0,T,0.0,2.0,T,2.0,4.0,F,4.0,2.0,F,2.0,3.0,T,2.0,3.0,T,1.0,2.0,T,POINT (638261.472568589 6861745.372734314),DSF_CHT_01_2022_20220705_malmaison_shp.zip,0x690e127b350d0da1,MALMAI92,u,50,0,0,3,5,6,6,0.6,0.85,2
11.0,20220705_malmaison,05-07-2022,sw,MALMAI92,109.0,3: 75 - 100 %,26,5,4,11.0,20,NON,,5.0,5.0,T,5.0,5.0,F,5.0,5.0,F,3.0,2.0,F,3.0,2.0,F,1.0,3.0,F,5.0,5.0,F,1.0,3.0,F,1.0,2.0,F,1.0,3.0,F,1.0,3.0,T,2.0,3.0,F,2.0,3.0,F,4.0,2.0,F,1.0,3.0,F,2.0,3.0,F,1.0,1.0,T,1.0,2.0,T,1.0,4.0,F,1.0,3.0,F,POINT (638300.6661334926 6861789.408477549),DSF_CHT_01_2022_20220705_malmaison_shp.zip,0xc8281c331b1d0ac3,MALMAI92,u,50,0,1,2,11,2,4,0.3,0.85,1
12.0,20220705_malmaison,05-07-2022,sw,MALMAI92,108.0,0: 0 - 20 %,28,5,5,20.0,20,NON,futaie a gb,0.0,1.0,T,0.0,1.0,T,0.0,1.0,F,0.0,2.0,T,0.0,2.0,F,1.0,3.0,F,0.0,3.0,F,0.0,2.0,F,0.0,1.0,T,0.0,3.0,F,0.0,1.0,F,0.0,0.0,T,0.0,2.0,T,0.0,0.0,F,0.0,2.0,F,1.0,2.0,T,0.0,1.0,F,1.0,2.0,F,0.0,0.0,F,0.0,2.0,T,POINT (638254.0754634354 6861903.163974212),DSF_CHT_01_2022_20220705_malmaison_shp.zip,0x41fc0d99b168cef7,MALMAI92,u,54,3,6,8,3,0,0,0.0,0.15,0
13.0,20220705_malmaison,05-07-2022,sw,MALMAI92,104.0,0: 0 - 20 %,44,5,5,15.0,30,NON,futaie sur souche a bm gb,0.0,0.0,F,0.0,1.0,T,0.0,1.0,T,1.0,1.0,T,0.0,1.0,T,0.0,1.0,T,0.0,1.0,T,0.0,1.0,T,0.0,2.0,T,0.0,1.0,T,0.0,2.0,T,1.0,2.0,T,0.0,0.0,F,0.0,3.0,F,0.0,0.0,T,0.0,2.0,T,0.0,2.0,T,0.0,2.0,T,0.0,1.0,T,0.0,1.0,T,POINT (638556.4116899548 6862160.512796503),DSF_CHT_01_2022_20220705_malmaison_shp.zip,0x69edc9049c8433f1,MALMAI92,b,74,3,10,6,1,0,0,0.0,0.05,0
14.0,20220705_malmaison,05-07-2022,sw,MALMAI92,101.0,3: 75 - 100 %,26,5,5,12.0,20,AS,zone complètement deperissante,3.0,3.0,F,5.0,5.0,F,5.0,5.0,F,4.0,4.0,T,5.0,5.0,T,5.0,5.0,F,5.0,5.0,T,5.0,5.0,F,5.0,5.0,F,5.0,5.0,F,5.0,5.0,F,1.0,2.0,F,5.0,5.0,F,5.0,5.0,F,5.0,5.0,F,5.0,5.0,T,5.0,5.0,F,5.0,5.0,F,1.0,2.0,T,5.0,5.0,F,POINT (638228.5599179999 6862492.370737511),DSF_CHT_01_2022_20220705_malmaison_shp.zip,0x9565a775c7665ccb,MALMAI92,a,63,0,0,2,0,1,17,0.9,0.9,3
15.0,20220705_malmaison,05-07-2022,sw,MALMAI92,107.0,0: 0 - 20 %,37,5,5,13.0,30,NON,futaie sur souche a bm,0.0,3.0,T,0.0,3.0,F,0.0,1.0,T,0.0,2.0,T,0.0,1.0,T,0.0,1.0,T,0.0,2.0,T,1.0,2.0,T,0.0,2.0,T,0.0,1.0,T,1.0,3.0,T,0.0,2.0,T,0.0,3.0,T,1.0,3.0,T,0.0,3.0,T,0.0,3.0,T,1.0,3.0,T,0.0,3.0,F,1.0,3.0,F,1.0,3.0,F,POINT (639135.2520187674 6861966.718452625),DSF_CHT_01_2022_20220705_malmaison_shp.zip,0xab96bc4ef1ef32c1,MALMAI92,u,10,0,4,5,11,0,0,0.0,0.55,0
16.0,20220705_malmaison,05-07-2022,sw,MALMAI92,114.0,2: 50 - 75 %,32,5,5,11.0,30,NON,doute sur couvert,5.0,5.0,F,2.0,4.0,F,5.0,5.0,F,5.0,5.0,F,5.0,5.0,F,2.0,4.0,F,4.0,3.0,F,1.0,4.0,T,3.0,3.0,F,5.0,5.0,F,1.0,2.0,F,2.0,4.0,F,0.0,3.0,F,5.0,5.0,F,5.0,5.0,F,2.0,4.0,F,1.0,4.0,F,5.0,5.0,F,5.0,5.0,F,1.0,3.0,T,POINT (638812.7948156396 6861632.172518797),DSF_CHT_01_2022_20220705_malmaison_shp.zip,0x3a4b786a504eb327,MALMAI92,u,22,0,0,1,2,7,10,0.85,0.95,3
157.0,20220706_45_ng,06-07-2022,girardot,SAINT-BE,186.0,0: 0 - 20 %,30,5,5,30.0,40,EMC,coupe en cours,0.0,1.0,F,0.0,1.0,F,0.0,1.0,F,0.0,0.0,F,0.0,1.0,F,0.0,1.0,F,0.0,0.0,F,0.0,1.0,F,0.0,1.0,F,0.0,1.0,F,0.0,1.0,F,0.0,1.0,F,0.0,1.0,F,0.0,1.0,F,0.0,1.0,F,0.0,1.0,F,0.0,1.0,F,0.0,0.0,F,0.0,0.0,F,0.0,0.0,F,POINT (620299.2185803856 6832887.710791481),DSF_CHT_01_2022_20220706_45_ng_shp.zip,0x3697b846d0ff4d33,SAINT-BE,a,35,5,15,0,0,0,0,0.0,0.0,0
158.0,20220706_45_ng,06-07-2022,girardot,SAINT-BE,187.0,1: 20 -50 %,22,4,5,30.0,30,EMC,coupe en cours,0.0,0.0,F,0.0,2.0,F,5.0,5.0,F,0.0,1.0,F,0.0,0.0,F,0.0,1.0,F,0.0,1.0,F,1.0,1.0,F,0.0,0.0,F,0.0,2.0,F,0.0,1.0,F,0.0,1.0,F,3.0,4.0,F,0.0,1.0,F,0.0,1.0,F,0.0,2.0,F,0.0,0.0,F,3.0,4.0,F,2.0,3.0,F,1.0,1.0,F,POINT (620133.8287854323 6832880.919119693),DSF_CHT_01_2022_20220706_45_ng_shp.zip,0xa518f88a9b348691,SAINT-BE,a,35,4,9,3,1,0,3,0.15,0.2,0
1060.0,20220711_24_RELEVE,11-07-2022,carré,BOISARCY,122.0,0: 0 - 20 %,77,5,5,8.0,40,NON,10% mélange BOU. parc. privée,0.0,2.0,F,1.0,1.0,F,0.0,1.0,T,0.0,1.0,T,0.0,1.0,F,0.0,1.0,T,0.0,1.0,T,0.0,1.0,F,0.0,2.0,F,0.0,1.0,F,1.0,1.0,F,0.0,1.0,T,2.0,2.0,T,0.0,1.0,T,0.0,2.0,F,0.0,2.0,F,1.0,2.0,T,0.0,1.0,F,0.0,2.0,F,1.0,2.0,F,POINT (624518.2384888518 6857692.935484227),DSF_CHT_01_2022_20220711_LC_BOISARCY_Cplmnt_shp.zip,0xc21518e3c56c619e,DSF,,,0,12,7,1,0,0,0.0,0.05,0
1061.0,20220711_24_RELEVE,11-07-2022,carré,BOISARCY,123.0,1: 20 -50 %,51,5,5,7.0,40,NON,parc. prop. privée,0.0,1.0,F,1.0,1.0,F,1.0,2.0,T,1.0,2.0,T,0.0,1.0,F,0.0,2.0,F,1.0,2.0,F,1.0,2.0,F,1.0,2.0,F,1.0,2.0,F,0.0,2.0,T,1.0,2.0,T,1.0,3.0,T,0.0,2.0,F,1.0,3.0,T,1.0,2.0,T,0.0,2.0,T,1.0,2.0,T,1.0,2.0,T,1.0,2.0,F,POINT (624628.0893840475 6857721.969521049),DSF_CHT_01_2022_20220711_LC_BOISARCY_Cplmnt_shp.zip,0xf1578086b1ed05af,DSF,,,0,3,15,2,0,0,0.0,0.1,0
1062.0,20220711_24_RELEVE,11-07-2022,carré,BOISARCY,800.0,1: 20 -50 %,52,5,5,11.0,20,NON,parc. prop. privée,1.0,2.0,F,0.0,1.0,F,5.0,5.0,F,2.0,2.0,F,3.0,4.0,F,1.0,2.0,T,2.0,2.0,F,1.0,3.0,F,1.0,2.0,T,1.0,3.0,F,1.0,1.0,F,1.0,1.0,F,1.0,1.0,T,0.0,1.0,F,1.0,2.0,F,1.0,2.0,F,2.0,3.0,F,1.0,3.0,F,5.0,5.0,F,5.0,5.0,F,POINT (625135.9411103788 6857866.222607731),DSF_CHT_01_2022_20220711_LC_BOISARCY_Cplmnt_shp.zip,0xe14d96effeae03a2,BOISARCY,b,34,0,5,5,6,0,4,0.2,0.5,1
1063.0,20220711_24_RELEVE,11-07-2022,carré,BOISARCY,801.0,0: 0 - 20 %,66,5,5,8.0,20,NON,.c,0.0,1.0,F,0.0,1.0,T,0.0,1.0,T,0.0,1.0,F,1.0,2.0,F,0.0,1.0,F,2.0,1.0,F,0.0,1.0,T,1.0,2.0,T,1.0,2.0,F,1.0,1.0,T,2.0,2.0,F,0.0,1.0,T,0.0,1.0,F,1.0,3.0,F,1.0,1.0,T,1.0,2.0,T,0.0,1.0,F,1.0,2.0,F,0.0,1.0,T,POINT (625608.6407727106 6857469.429998216),DSF_CHT_01_2022_20220711_LC_BOISARCY_Cplmnt_shp.zip,0xe8db2fd7f84fd428,BOISARCY,b,27,0,12,6,2,0,0,0.0,0.1,0
657.0,20220712_61_RELEVE,12-07-2022,watkins,GRAN-C,153.0,1: 20 -50 %,39,5,5,20.0,20,NON,,0.0,0.0,T,1.0,1.0,T,1.0,1.0,T,1.0,1.0,T,1.0,1.0,T,1.0,1.0,T,5.0,5.0,F,1.0,1.0,T,2.0,1.0,T,2.0,1.0,T,1.0,2.0,T,1.0,1.0,T,1.0,2.0,T,1.0,1.0,T,1.0,2.0,T,1.0,2.0,T,1.0,2.0,F,1.0,1.0,T,2.0,3.0,T,2.0,3.0,T,POINT (663992.8544022453 6848204.066989802),DSF_CHT_01_2022_20220712_61_RELEVE_shp.zip,0x3248e1374a8f45df,DSF,,,1,9,7,2,0,1,0.05,0.15,0
658.0,20220712_61_RELEVE,12-07-2022,watkins,GRAN-C,154.0,2: 50 - 75 %,38,5,5,12.0,20,NON,,1.0,2.0,T,5.0,5.0,F,5.0,5.0,F,2.0,2.0,T,1.0,2.0,T,1.0,1.0,T,2.0,1.0,T,2.0,1.0,T,2.0,1.0,T,2.0,1.0,T,1.0,1.0,T,1.0,2.0,T,4.0,2.0,T,1.0,2.0,T,1.0,1.0,T,1.0,1.0,T,1.0,1.0,T,3.0,3.0,F,2.0,2.0,F,3.0,3.0,F,POINT (664005.5975657603 6848285.535914684),DSF_CHT_01_2022_20220712_61_RELEVE_shp.zip,0x5e0c193ffb9867bd,DSF,,,0,5,8,2,3,2,0.25,0.35,1
660.0,20220712_61_RELEVE,12-07-2022,watkins,GRAN-C,148.0,2: 50 - 75 %,27,5,5,15.0,40,NON,,3.0,3.0,T,2.0,2.0,T,3.0,2.0,F,5.0,5.0,F,2.0,1.0,F,4.0,3.0,T,4.0,4.0,F,5.0,5.0,F,1.0,1.0,T,2.0,2.0,T,1.0,2.0,F,1.0,1.0,T,1.0,1.0,T,5.0,5.0,F,5.0,5.0,F,1.0,1.0,T,1.0,1.0,T,3.0,3.0,T,5.0,5.0,F,2.0,2.0,T,POINT (662957.4165691811 6849034.273329697),DSF_CHT_01_2022_20220712_61_RELEVE_shp.zip,0x9eb052e7f2a43231,DSF,,,0,5,2,4,2,7,0.45,0.65,1
659.0,20220712_61_RELEVE,12-07-2022,watkins,GRAN-C,152.0,3: 75 - 100 %,26,4,4,20.0,40,NON,,4.0,3.0,F,2.0,4.0,F,4.0,3.0,F,5.0,5.0,F,1.0,1.0,F,4.0,3.0,F,4.0,3.0,F,4.0,3.0,T,4.0,3.0,F,5.0,5.0,F,5.0,5.0,F,4.0,3.0,F,3.0,2.0,F,1.0,1.0,F,2.0,2.0,F,5.0,5.0,F,5.0,5.0,F,4.0,3.0,F,4.0,3.0,F,4.0,3.0,F,POINT (664210.4492380838 6848484.263010829),DSF_CHT_01_2022_20220712_61_RELEVE_shp.zip,0x73c923496b4910fa,DSF,,,0,2,0,2,1,15,0.8,0.9,3
661.0,20220712_61_RELEVE,13-07-2022,watkins,GRAN-C,151.0,3: 75 - 100 %,38,4,5,15.0,30,NON,,2.0,2.0,F,3.0,2.0,F,2.0,2.0,T,2.0,2.0,T,5.0,5.0,F,5.0,5.0,F,5.0,5.0,F,1.0,2.0,F,4.0,3.0,F,4.0,3.0,F,4.0,4.0,T,5.0,5.0,F,3.0,2.0,T,5.0,5.0,F,5.0,5.0,F,2.0,2.0,T,5.0,5.0,F,1.0,2.0,T,2.0,3.0,F,1.0,1.0,T,POINT (663409.4935790699 6848854.585391919),DSF_CHT_01_2022_20220712_61_RELEVE_shp.zip,0x1a24742e46f28df0,DSF,,,0,1,2,7,0,10,0.5,0.85,2
662.0,20220712_61_RELEVE,13-07-2022,watkins,GRAN-C,150.0,3: 75 - 100 %,22,2,2,10.0,20,NON,,5.0,5.0,F,1.0,2.0,F,5.0,5.0,F,5.0,5.0,F,1.0,2.0,F,1.0,3.0,F,5.0,5.0,F,4.0,4.0,F,0.0,2.0,F,5.0,5.0,F,5.0,5.0,F,5.0,5.0,F,5.0,5.0,F,5.0,5.0,F,4.0,3.0,T,4.0,4.0,T,5.0,5.0,F,1.0,3.0,F,1.0,1.0,T,5.0,5.0,F,POINT (663320.7624402806 6848906.497161597),DSF_CHT_01_2022_20220712_61_RELEVE_shp.zip,0x11cd293f9a835cda,DSF,,,0,1,3,2,0,14,0.7,0.8,2
663.0,20220712_61_RELEVE,13-07-2022,watkins,GRAN-C,149.0,1: 20 -50 %,32,5,5,15.0,40,NON,,1.0,2.0,T,1.0,2.0,T,3.0,2.0,T,1.0,2.0,T,4.0,3.0,F,3.0,3.0,F,1.0,2.0,F,5.0,5.0,F,5.0,5.0,F,1.0,1.0,T,5.0,5.0,F,5.0,5.0,F,1.0,2.0,F,5.0,5.0,F,5.0,5.0,F,0.0,1.0,F,0.0,1.0,F,1.0,1.0,T,5.0,5.0,F,2.0,1.0,T,POINT (663382.7787408568 6849009.704374777),DSF_CHT_01_2022_20220712_61_RELEVE_shp.zip,0x12068c791a8ae651,DSF,,,0,4,6,1,1,8,0.45,0.5,1
664.0,20220712_61_RELEVE,13-07-2022,watkins,GRAN-C,156.0,3: 75 - 100 %,30,4,5,20.0,40,NON,,3.0,3.0,T,2.0,2.0,T,1.0,1.0,T,4.0,4.0,T,4.0,4.0,T,3.0,3.0,T,5.0,5.0,T,5.0,5.0,T,5.0,5.0,T,5.0,5.0,T,5.0,5.0,T,4.0,4.0,T,1.0,1.0,T,4.0,3.0,T,4.0,3.0,T,5.0,5.0,T,4.0,3.0,T,4.0,2.0,T,4.0,3.0,T,5.0,5.0,F,POINT (663551.8187253181 6847909.488940099),DSF_CHT_01_2022_20220712_61_RELEVE_shp.zip,0x2a32483a5647d229,DSF,,,0,2,0,1,3,14,0.85,0.9,3
666.0,20220712_61_RELEVE,20-07-2022,watkins,GRAN-C,164.0,0: 0 - 20 %,29,5,5,10.0,20,NON,,0.0,0.0,F,0.0,0.0,T,0.0,0.0,T,0.0,0.0,F,0.0,0.0,F,0.0,1.0,T,0.0,1.0,T,0.0,1.0,F,0.0,1.0,F,0.0,0.0,T,0.0,1.0,T,0.0,0.0,T,0.0,1.0,T,0.0,1.0,T,0.0,1.0,T,0.0,1.0,T,1.0,2.0,T,0.0,1.0,F,0.0,0.0,F,0.0,0.0,T,POINT (661958.3400695891 6847253.279612693),DSF_CHT_01_2022_20220712_61_RELEVE_shp.zip,0x5d27a85b208c296,DSF,,,9,10,1,0,0,0,0.0,0.0,0
665.0,20220712_61_RELEVE,20-07-2022,watkins,GRAN-C,165.0,0: 0 - 20 %,30,4,5,10.0,40,NON,,0.0,1.0,F,0.0,1.0,F,0.0,1.0,F,0.0,0.0,F,0.0,1.0,T,0.0,1.0,F,0.0,1.0,F,0.0,0.0,T,0.0,0.0,F,0.0,1.0,F,0.0,1.0,F,0.0,1.0,F,0.0,1.0,T,0.0,0.0,T,0.0,1.0,F,0.0,1.0,F,0.0,1.0,F,0.0,0.0,F,0.0,1.0,F,0.0,0.0,F,POINT (662033.1077712731 6847096.260095186),DSF_CHT_01_2022_20220712_61_RELEVE_shp.zip,0x54e7f773f0248110,DSF,,,6,14,0,0,0,0,0.0,0.0,0
667.0,20220712_61_RELEVE,20-07-2022,watkins,GRAN-C,162.0,1: 20 -50 %,32,5,5,15.0,20,NON,présence chene bordure placette,0.0,1.0,T,0.0,1.0,T,0.0,1.0,T,0.0,0.0,T,0.0,0.0,T,0.0,1.0,T,5.0,5.0,F,2.0,1.0,F,0.0,1.0,T,0.0,1.0,T,0.0,0.0,T,0.0,1.0,T,0.0,1.0,F,1.0,1.0,F,1.0,1.0,F,0.0,1.0,T,1.0,1.0,T,0.0,1.0,T,0.0,1.0,T,0.0,1.0,T,POINT (662116.3185760924 6847340.247726328),DSF_CHT_01_2022_20220712_61_RELEVE_shp.zip,0xd01520613c3f1912,DSF,,,3,15,1,0,0,1,0.05,0.05,0
668.0,20220712_61_RELEVE,20-07-2022,watkins,GRAN-C,166.0,1: 20 -50 %,29,5,5,15.0,40,NON,,3.0,1.0,T,3.0,2.0,T,1.0,2.0,T,2.0,1.0,T,3.0,1.0,T,1.0,1.0,T,0.0,1.0,T,2.0,1.0,T,3.0,2.0,F,2.0,2.0,F,5.0,5.0,F,1.0,2.0,T,2.0,2.0,T,2.0,2.0,T,1.0,2.0,T,0.0,1.0,T,0.0,1.0,T,0.0,1.0,T,1.0,1.0,T,1.0,1.0,T,POINT (662089.2274587878 6846956.214815951),DSF_CHT_01_2022_20220712_61_RELEVE_shp.zip,0x7922a1f6418a7075,DSF,,,0,7,5,7,0,1,0.05,0.4,0
669.0,20220712_61_RELEVE,20-07-2022,watkins,GRAN-C,167.0,1: 20 -50 %,32,5,5,15.0,40,NON,présence un bouleau dans la placettes,0.0,1.0,F,1.0,2.0,F,2.0,1.0,F,1.0,1.0,T,1.0,1.0,T,1.0,2.0,F,1.0,1.0,T,0.0,0.0,F,3.0,2.0,F,1.0,2.0,F,1.0,1.0,T,1.0,1.0,T,1.0,1.0,T,0.0,1.0,F,0.0,1.0,F,1.0,1.0,F,0.0,1.0,F,2.0,2.0,F,1.0,1.0,T,0.0,1.0,T,POINT (662241.5976297503 6846911.01625133),DSF_CHT_01_2022_20220712_61_RELEVE_shp.zip,0xe787e46291f355b7,DSF,,,1,13,4,2,0,0,0.0,0.1,0
670.0,20220712_61_RELEVE,20-07-2022,watkins,GRAN-C,157.0,1: 20 -50 %,25,5,5,20.0,40,NON,,1.0,1.0,T,2.0,1.0,F,3.0,2.0,T,1.0,1.0,T,1.0,1.0,F,2.0,3.0,F,2.0,2.0,F,2.0,2.0,F,1.0,1.0,F,2.0,2.0,F,2.0,2.0,T,0.0,1.0,F,0.0,1.0,F,1.0,1.0,F,1.0,1.0,T,0.0,1.0,F,0.0,0.0,F,2.0,2.0,F,1.0,1.0,T,0.0,1.0,F,POINT (663734.4203023051 6847866.039964781),DSF_CHT_01_2022_20220712_61_RELEVE_shp.zip,0x4cfee1197d121790,DSF,,,1,11,1,7,0,0,0.0,0.35,0
671.0,20220712_61_RELEVE,20-07-2022,watkins,GRAN-C,155.0,2: 50 - 75 %,29,4,3,20.0,20,NON,,5.0,5.0,F,5.0,5.0,F,5.0,5.0,F,0.0,1.0,F,1.0,2.0,F,0.0,1.0,T,0.0,1.0,F,0.0,1.0,F,0.0,1.0,F,0.0,1.0,F,3.0,2.0,F,4.0,4.0,F,4.0,4.0,F,1.0,4.0,F,4.0,4.0,F,4.0,4.0,F,1.0,2.0,F,0.0,1.0,T,1.0,1.0,T,0.0,1.0,T,POINT (663796.054270382 6847973.435729111),DSF_CHT_01_2022_20220712_61_RELEVE_shp.zip,0x43a7dfe30fa9da0b,DSF,,,0,9,2,1,1,7,0.4,0.45,1
672.0,20220712_61_RELEVE,20-07-2022,watkins,GRAN-C,163.0,1: 20 -50 %,39,5,5,10.0,20,NON,,1.0,1.0,T,0.0,1.0,F,0.0,1.0,F,1.0,1.0,F,1.0,1.0,F,1.0,1.0,T,0.0,2.0,T,2.0,3.0,T,0.0,1.0,T,0.0,1.0,F,0.0,1.0,T,0.0,1.0,T,0.0,0.0,T,1.0,0.0,T,1.0,1.0,F,1.0,2.0,F,1.0,2.0,T,2.0,2.0,F,1.0,1.0,F,1.0,2.0,T,POINT (663474.8528797897 6847279.037900699),DSF_CHT_01_2022_20220712_61_RELEVE_shp.zip,0xd7709e8ce8dae48b,DSF,,,1,13,4,2,0,0,0.0,0.1,0
673.0,20220712_61_RELEVE,20-07-2022,watkins,GRAN-C,161.0,2: 50 - 75 %,43,4,5,10.0,40,NON,,4.0,4.0,F,4.0,4.0,F,2.0,2.0,F,1.0,1.0,F,1.0,1.0,T,1.0,1.0,T,2.0,1.0,T,4.0,4.0,F,5.0,5.0,F,5.0,5.0,F,4.0,3.0,F,2.0,2.0,F,2.0,1.0,T,3.0,3.0,T,4.0,4.0,F,5.0,5.0,T,4.0,4.0,F,1.0,2.0,F,5.0,5.0,F,1.0,2.0,F,POINT (663304.5639410007 6847390.106291171),DSF_CHT_01_2022_20220712_61_RELEVE_shp.zip,0xa19d4cdc9b2f35a0,DSF,,,0,3,4,2,1,10,0.55,0.65,2
674.0,20220712_61_RELEVE,20-07-2022,watkins,GRAN-C,160.0,3: 75 - 100 %,42,4,5,10.0,40,NON,,1.0,1.0,F,5.0,5.0,F,1.0,2.0,F,1.0,2.0,T,2.0,2.0,F,3.0,2.0,F,1.0,3.0,T,4.0,4.0,F,4.0,4.0,T,4.0,4.0,F,4.0,4.0,F,5.0,5.0,F,5.0,5.0,F,4.0,4.0,F,5.0,5.0,F,3.0,2.0,T,2.0,2.0,T,3.0,2.0,T,2.0,2.0,T,0.0,2.0,F,POINT (664208.3841922041 6847534.344467887),DSF_CHT_01_2022_20220712_61_RELEVE_shp.zip,0x232a9c6b8f61a932,DSF,,,0,1,3,7,0,9,0.45,0.8,1
675.0,20220712_61_RELEVE,20-07-2022,watkins,GRAN-C,159.0,3: 75 - 100 %,33,4,5,10.0,20,NON,,5.0,5.0,F,3.0,3.0,T,4.0,4.0,T,5.0,5.0,T,4.0,2.0,T,1.0,2.0,T,1.0,2.0,T,0.0,2.0,F,2.0,1.0,F,4.0,4.0,T,1.0,3.0,F,4.0,4.0,T,4.0,4.0,F,2.0,2.0,F,1.0,3.0,F,3.0,3.0,T,0.0,1.0,F,4.0,4.0,F,4.0,4.0,F,4.0,4.0,T,POINT (664363.4674958052 6847603.9882119),DSF_CHT_01_2022_20220712_61_RELEVE_shp.zip,0x262701d224559af6,DSF,,,0,1,4,3,3,9,0.6,0.75,2
676.0,20220712_61_RELEVE,20-07-2022,watkins,GRAN-C,158.0,3: 75 - 100 %,41,5,5,15.0,30,NON,,4.0,4.0,T,4.0,4.0,T,5.0,5.0,F,0.0,1.0,F,5.0,5.0,F,5.0,5.0,F,5.0,5.0,F,3.0,2.0,F,5.0,5.0,F,4.0,3.0,F,3.0,3.0,F,1.0,2.0,F,4.0,4.0,T,2.0,2.0,T,5.0,5.0,F,5.0,5.0,F,4.0,4.0,F,5.0,5.0,F,5.0,5.0,F,5.0,5.0,F,POINT (664600.1659830208 6847833.037416906),DSF_CHT_01_2022_20220712_61_RELEVE_shp.zip,0xc9b3a8b34178dcc4,DSF,,,0,1,1,2,1,15,0.8,0.9,3
1064.0,20220712_25_RELEVE,12-07-2022,sych carré,MARLY-VS,802.0,2: 50 - 75 %,16,5,5,19.0,30,NON,ajout de placette,1.0,1.0,F,1.0,2.0,F,2.0,1.0,F,1.0,2.0,F,5.0,5.0,F,1.0,1.0,F,4.0,5.0,F,1.0,2.0,F,0.0,1.0,T,0.0,1.0,T,1.0,2.0,F,0.0,1.0,F,0.0,1.0,F,1.0,2.0,F,2.0,2.0,F,4.0,5.0,F,3.0,4.0,F,1.0,1.0,F,4.0,5.0,F,0.0,1.0,F,POINT (628946.5214346481 6865048.587504344),DSF_CHT_01_2022_20220712_LC_MARLY-VS_Cplmnt_shp.zip,0x33d4ad77c9101966,MARLY-VS,u,56,0,8,6,1,0,5,0.25,0.3,1
1065.0,20220712_25_RELEVE,12-07-2022,sych carré,MARLY-VS,803.0,1: 20 -50 %,36,5,5,10.0,30,NON,,1.0,1.0,F,1.0,2.0,F,5.0,5.0,F,1.0,2.0,F,5.0,5.0,F,1.0,2.0,F,1.0,2.0,F,1.0,3.0,F,1.0,2.0,T,1.0,1.0,T,2.0,2.0,F,1.0,2.0,T,5.0,5.0,F,2.0,2.0,F,3.0,3.0,T,1.0,2.0,F,0.0,1.0,F,0.0,1.0,F,1.0,2.0,T,3.0,2.0,F,POINT (628523.83874621 6865283.649969043),DSF_CHT_01_2022_20220712_LC_MARLY-VS_Cplmnt_shp.zip,0x429b616ed3a82027,MARLY-VS,b,52,0,4,8,4,1,3,0.2,0.4,1
1066.0,20220712_25_RELEVE,12-07-2022,sych carré,MARLY-VS,804.0,1: 20 -50 %,21,5,5,16.0,40,NON,,1.0,3.0,F,1.0,2.0,T,1.0,3.0,F,0.0,1.0,F,1.0,2.0,F,0.0,2.0,F,1.0,2.0,F,2.0,1.0,F,0.0,1.0,T,1.0,2.0,F,0.0,2.0,F,2.0,3.0,F,0.0,2.0,F,0.0,1.0,F,2.0,2.0,F,0.0,2.0,F,0.0,1.0,F,0.0,2.0,F,1.0,2.0,F,0.0,1.0,F,POINT (628842.7120493491 6865464.565666752),DSF_CHT_01_2022_20220712_LC_MARLY-VS_Cplmnt_shp.zip,0x43467c9da7374989,MARLY-VS,u,54,0,5,11,4,0,0,0.0,0.2,0
1067.0,20220712_25_RELEVE,12-07-2022,sych carré,MARLY-VS,805.0,0: 0 - 20 %,36,5,5,7.0,20,NON,,1.0,2.0,F,2.0,3.0,F,2.0,3.0,F,2.0,2.0,F,2.0,1.0,F,1.0,1.0,F,1.0,2.0,F,2.0,2.0,F,1.0,2.0,F,2.0,2.0,F,1.0,4.0,F,2.0,2.0,F,1.0,1.0,F,4.0,2.0,F,0.0,2.0,F,2.0,1.0,T,1.0,2.0,T,3.0,2.0,F,1.0,2.0,F,1.0,2.0,F,POINT (629396.5441082253 6865365.800870471),DSF_CHT_01_2022_20220712_LC_MARLY-VS_Cplmnt_shp.zip,0xf8de965476c5df2e,MARLY-VS,a,63,0,2,9,7,2,0,0.1,0.45,0
1068.0,20220712_25_RELEVE,12-07-2022,sych carré,MARLY-VS,806.0,2: 50 - 75 %,30,5,5,12.0,40,NON,,5.0,5.0,F,5.0,5.0,F,5.0,5.0,F,5.0,5.0,F,4.0,4.0,F,4.0,3.0,F,2.0,3.0,F,2.0,3.0,T,2.0,2.0,T,2.0,3.0,F,1.0,2.0,F,2.0,3.0,F,0.0,2.0,F,1.0,2.0,F,0.0,2.0,F,3.0,3.0,F,4.0,3.0,F,1.0,2.0,F,2.0,2.0,F,5.0,5.0,F,POINT (629978.4005272026 6862545.046140706),DSF_CHT_01_2022_20220712_LC_MARLY-VS_Cplmnt_shp.zip,0x3fff5c9d96355950,MARLY-VS,a,102,0,0,5,6,1,8,0.45,0.75,1
1069.0,20220712_25_RELEVE,12-07-2022,sych carré,MARLY-VS,807.0,2: 50 - 75 %,32,5,5,13.0,30,NON,,2.0,3.0,F,1.0,2.0,F,3.0,2.0,F,1.0,1.0,F,1.0,1.0,F,1.0,1.0,F,1.0,2.0,F,1.0,1.0,F,1.0,1.0,T,1.0,2.0,F,3.0,2.0,F,2.0,3.0,F,5.0,5.0,F,4.0,5.0,F,4.0,5.0,F,3.0,4.0,F,1.0,2.0,F,1.0,2.0,F,1.0,2.0,F,1.0,2.0,F,POINT (629756.1747882696 6862719.607730745),DSF_CHT_01_2022_20220712_LC_MARLY-VS_Cplmnt_shp.zip,0x65dd06aa0c008bbc,MARLY-VS,c,103,0,5,7,4,0,4,0.2,0.4,1
1070.0,20220721_26_RELEVE,21-07-2022,carré,MARLY-VS,111.0,0: 0 - 20 %,35,5,5,13.0,30,NON,forte couverture de laurier visibilité limitée,5.0,5.0,F,5.0,5.0,F,1.0,2.0,T,3.0,3.0,F,2.0,3.0,T,2.0,2.0,T,1.0,2.0,T,1.0,2.0,T,1.0,1.0,T,1.0,1.0,T,1.0,2.0,T,1.0,1.0,T,1.0,1.0,T,1.0,1.0,T,1.0,2.0,F,1.0,1.0,F,1.0,2.0,T,1.0,1.0,T,1.0,3.0,F,1.0,2.0,T,POINT (635902.6998145123 6861761.059389435),DSF_CHT_01_2022_20220721_LC_MARLY-VS_111_shp.zip,0x889c4d9d3d96a7b9,MARLY-VS,u,203,0,7,7,3,1,2,0.15,0.3,0
306.0,20220614_39_RELEVE,14-06-2022,jpdh,MOMO,42.0,0: 0 - 20 %,22,5,5,16.0,40,NON,,0.0,1.0,T,1.0,1.0,T,0.0,0.0,T,1.0,3.0,F,0.0,1.0,F,0.0,0.0,F,1.0,1.0,F,2.0,1.0,F,2.0,2.0,F,1.0,3.0,F,1.0,3.0,F,2.0,1.0,F,0.0,0.0,T,2.0,1.0,F,1.0,1.0,F,1.0,0.0,F,0.0,0.0,F,0.0,1.0,F,2.0,2.0,F,2.0,0.0,F,POINT (646403.5383967565 6882030.931094834),DSF_CHT_01_2022_shp.zip,0x7093cc39ccfe4673,MOMO,a,102,4,7,4,5,0,0,0.0,0.25,0
307.0,20220614_39_RELEVE,14-06-2022,jpdh,MOMO,46.0,0: 0 - 20 %,25,5,5,15.0,40,NON,,2.0,2.0,F,2.0,1.0,F,1.0,1.0,F,1.0,0.0,F,1.0,2.0,F,2.0,2.0,F,2.0,1.0,F,1.0,3.0,F,0.0,0.0,F,1.0,1.0,F,1.0,1.0,F,1.0,1.0,F,1.0,1.0,F,1.0,1.0,F,0.0,1.0,F,2.0,3.0,F,1.0,2.0,F,2.0,2.0,F,0.0,1.0,F,0.0,0.0,F,POINT (645716.4288969425 6882008.810475473),DSF_CHT_01_2022_shp.zip,0x96db2aa212ad4e0d,MOMO,a,111,2,9,4,5,0,0,0.0,0.25,0
308.0,20220614_39_RELEVE,14-06-2022,jpdh,MOMO,47.0,0: 0 - 20 %,23,5,5,19.0,40,NON,,0.0,0.0,F,1.0,0.0,F,2.0,2.0,F,0.0,1.0,F,0.0,1.0,F,1.0,0.0,F,1.0,0.0,F,2.0,1.0,F,1.0,2.0,F,1.0,1.0,F,1.0,0.0,F,1.0,1.0,F,1.0,0.0,F,1.0,0.0,F,1.0,1.0,F,2.0,0.0,F,1.0,1.0,F,1.0,0.0,F,1.0,1.0,F,1.0,1.0,F,POINT (646062.8412010052 6881841.460380998),DSF_CHT_01_2022_shp.zip,0x6818579d34fb627d,MOMO,b,111,1,15,3,1,0,0,0.0,0.05,0
1.0,20220614_0_RELEVE,14-06-2022,sébastien,GRAV,197.0,1: 20 -50 %,30,4,5,40.0,40,NON,,3.0,3.0,F,2.0,2.0,F,1.0,1.0,F,1.0,1.0,F,1.0,0.0,F,1.0,1.0,F,3.0,3.0,F,3.0,3.0,F,1.0,1.0,F,1.0,1.0,F,2.0,3.0,F,2.0,2.0,F,2.0,1.0,F,2.0,2.0,F,3.0,3.0,F,2.0,2.0,F,2.0,3.0,F,3.0,3.0,F,3.0,3.0,F,4.0,2.0,F,POINT (660562.8805015287 6822613.2419551695),DSF_CHT_01_2022_vs_shp.zip,0xd34c30fe8c179420,GRAV,u,C,0,6,1,6,7,0,0.35,0.65,1
2.0,20220614_1_RELEVE,14-06-2022,sébastien,GRAV,196.0,2: 50 - 75 %,15,4,5,40.0,40,NON,déplacement du point,5.0,5.0,F,5.0,5.0,F,3.0,3.0,F,5.0,5.0,F,5.0,5.0,F,4.0,4.0,F,2.0,3.0,F,3.0,3.0,F,3.0,3.0,F,4.0,3.0,F,5.0,5.0,F,3.0,3.0,F,5.0,5.0,F,3.0,3.0,F,2.0,2.0,F,1.0,1.0,F,5.0,5.0,F,3.0,2.0,F,3.0,3.0,F,3.0,3.0,F,POINT (659288.5965099732 6823467.002226371),DSF_CHT_01_2022_vs_shp.zip,0xf9a054347d24b042,GRAV,u,23,0,1,0,3,7,9,0.8,0.95,3
5.0,20220614_4_RELEVE,14-06-2022,sébastien,MEUDON,126.0,0: 0 - 20 %,25,5,5,40.0,40,NON,houppiers peu visibles,1.0,1.0,T,2.0,1.0,T,1.0,2.0,F,2.0,2.0,T,4.0,4.0,F,2.0,2.0,T,1.0,2.0,T,2.0,1.0,T,1.0,1.0,T,5.0,5.0,F,3.0,2.0,T,2.0,2.0,T,2.0,1.0,F,2.0,1.0,T,1.0,2.0,T,2.0,2.0,T,2.0,1.0,F,2.0,1.0,T,2.0,2.0,F,1.0,1.0,T,POINT (643163.89832072 6857116.701654889),DSF_CHT_01_2022_vs_shp.zip,0x3d8420728e36e317,MEUDON,a,29,0,3,9,6,0,2,0.1,0.4,0
,,13-07-2022,dsf_77c03,DSF,000,,8,5,5,20.0,20,,,0.0,1.0,,1.0,1.0,,0.0,0.0,,0.0,1.0,,0.0,1.0,,1.0,1.0,,1.0,1.0,,0.0,1.0,,1.0,2.0,,1.0,2.0,,0.0,2.0,,1.0,3.0,,0.0,1.0,,0.0,2.0,,1.0,2.0,,2.0,3.0,,0.0,0.0,,0.0,1.0,,1.0,2.0,,2.0,1.0,,POINT (679614.6918326985 6828402.173553655),epicollect,0xfa85f2b831738b56,DSF,,,2,9,7,2,0,0,0.0,0.1,0
,,13-07-2022,dsf_77c03,DSF,000,,13,5,5,11.0,20,,,0.0,0.0,,0.0,0.0,,0.0,0.0,,0.0,1.0,,0.0,0.0,,0.0,0.0,,0.0,0.0,,0.0,0.0,,0.0,1.0,,0.0,1.0,,5.0,5.0,,0.0,2.0,,5.0,5.0,,0.0,1.0,,0.0,1.0,,0.0,1.0,,0.0,0.0,,0.0,0.0,,0.0,0.0,,0.0,0.0,,POINT (678674.4114232577 6827529.988634252),epicollect,0xe94cba5f15e0613d,DSF,,,11,6,1,0,0,2,0.1,0.1,0
,,12-07-2022,dsf_77c03,DSF,000,,15,5,5,12.0,20,,,0.0,0.0,,0.0,1.0,,0.0,0.0,,1.0,1.0,,0.0,0.0,,0.0,1.0,,1.0,3.0,,0.0,1.0,,5.0,4.0,,0.0,0.0,,2.0,2.0,,5.0,4.0,,0.0,1.0,,1.0,1.0,,4.0,3.0,,1.0,1.0,,1.0,0.0,,0.0,0.0,,0.0,1.0,,0.0,0.0,,POINT (697018.3551372587 6800983.935304315),epicollect,0x5f41c11dcf5b7c70,DSF,,,6,9,0,2,0,3,0.15,0.25,0
,,12-07-2022,dsf_78c03,DSF,000,,17,4,5,20.0,20,,Nouvelle placette.  Nombreux arbres au sol et vastes trouées proches de cette poche de châtaigniers moribonde. Morcellement fort du cadastre. Légère pente orientée Est. Jamais mis en gestion. Diamètre moyen 45 cm.,5.0,5.0,,5.0,5.0,,5.0,5.0,,5.0,5.0,,5.0,5.0,,5.0,5.0,,5.0,5.0,,5.0,5.0,,5.0,5.0,,5.0,5.0,,5.0,5.0,,5.0,5.0,,5.0,5.0,,5.0,5.0,,5.0,5.0,,5.0,5.0,,5.0,5.0,,5.0,5.0,,5.0,5.0,,5.0,5.0,,POINT (613075.2834352814 6886475.365234343),epicollect,0x6bd4d3ac3d295263,DSF,,,0,0,0,0,0,20,1.0,1.0,3
,,12-07-2022,dsf_78c03,DSF,000,,20,5,5,16.0,20,,Nouvelle placette. Très gros bois de châtaignier avec bois de 20-30cm environ co-dominants.,2.0,3.0,,5.0,5.0,,0.0,2.0,,0.0,1.0,,0.0,1.0,,0.0,1.0,,0.0,1.0,,0.0,0.0,,0.0,0.0,,0.0,1.0,,0.0,1.0,,0.0,1.0,,0.0,1.0,,0.0,1.0,,0.0,1.0,,0.0,1.0,,0.0,0.0,,0.0,1.0,,0.0,0.0,,0.0,0.0,,POINT (613126.1434636039 6886150.030342483),epicollect,0x73e644b1f1b0ac9e,DSF,,,5,12,1,1,0,1,0.05,0.1,0
,,12-07-2022,dsf_77c03,DSF,000,,26,5,5,14.0,20,,,0.0,1.0,,4.0,2.0,,2.0,1.0,,0.0,2.0,,1.0,2.0,,0.0,2.0,,0.0,2.0,,0.0,1.0,,5.0,5.0,,1.0,1.0,,0.0,1.0,,1.0,2.0,,0.0,1.0,,0.0,2.0,,1.0,2.0,,1.0,2.0,,3.0,2.0,,1.0,1.0,,3.0,1.0,,0.0,1.0,,POINT (687694.4655198427 6803811.455406446),epicollect,0xd6147374c892f7d0,DSF,,,0,7,9,2,1,1,0.1,0.2,0
,,12-07-2022,dsf_77c03,DSF,000,,18,5,5,16.0,20,,,0.0,1.0,,0.0,1.0,,0.0,3.0,,3.0,1.0,,0.0,1.0,,0.0,0.0,,0.0,1.0,,0.0,1.0,,1.0,1.0,,0.0,0.0,,0.0,2.0,,1.0,1.0,,0.0,0.0,,0.0,0.0,,0.0,1.0,,0.0,1.0,,0.0,0.0,,0.0,1.0,,0.0,1.0,,0.0,2.0,,POINT (687708.055921533 6803895.56573691),epicollect,0xb780005b5aa892c9,DSF,,,5,11,2,2,0,0,0.0,0.1,0
,,06-07-2022,dsf_78c03,DSF,000,,13,5,5,14.0,40,,Jeune futaie de 25 cm de diamètre moyen. Cloisonnée. Ancienne attaque d'encre visible déjà depuis 2020.,0.0,1.0,,5.0,5.0,,0.0,1.0,,0.0,1.0,,0.0,0.0,,0.0,0.0,,0.0,3.0,,4.0,3.0,,0.0,3.0,,0.0,1.0,,0.0,1.0,,0.0,1.0,,0.0,0.0,,0.0,1.0,,0.0,1.0,,0.0,1.0,,5.0,5.0,,0.0,3.0,,0.0,0.0,,0.0,0.0,,POINT (619877.5283686523 6870234.9085633),epicollect,0x33a17d333aeda3bd,DSF,,,5,9,0,3,0,3,0.15,0.3,0
,,06-07-2022,dsf_78c03,DSF,000,,10,4,5,24.0,40,,Peu avant la notation de 2020 -  le taillis avait totalement été exploité. Couvert étage dominant très ouvert. Rejets et semis nombreux en sous-etage. 1 chêne pris dans la notation (n°19).,1.0,2.0,,3.0,3.0,,1.0,3.0,,0.0,1.0,,1.0,2.0,,1.0,3.0,,5.0,5.0,,3.0,3.0,,0.0,3.0,,2.0,3.0,,2.0,3.0,,0.0,2.0,,1.0,2.0,,4.0,3.0,,0.0,2.0,,0.0,1.0,,2.0,2.0,,0.0,2.0,,0.0,3.0,,0.0,2.0,,POINT (620355.0584247983 6871402.504320185),epicollect,0x60b5f2a53609bff0,DSF,,,0,2,7,7,2,2,0.2,0.55,1
,,05-07-2022,dsf_78c03,DSF,000,,26,4,5,16.0,30,,Nouvelle placette 2022. Futaie sur souche mûre. Quelques Chênes aux alentours. Diamètre moyen 45-50 cm environ.,5.0,5.0,,0.0,1.0,,0.0,2.0,,1.0,2.0,,0.0,2.0,,3.0,4.0,,5.0,5.0,,0.0,1.0,,0.0,3.0,,0.0,3.0,,0.0,2.0,,2.0,2.0,,5.0,5.0,,5.0,5.0,,0.0,1.0,,0.0,2.0,,0.0,3.0,,0.0,3.0,,3.0,3.0,,2.0,2.0,,POINT (632430.1052634382 6828982.632854731),epicollect,0xb6cd38818e28a526,DSF,,,0,3,5,6,1,5,0.3,0.6,1
,,30-06-2022,dsf_75s10,DSF,000,,28,5,5,16.0,20,,Même point qu'en 2020. Nombreuses descentes de cime. Les deperissements ont engendré un peu d'heterogeneite.,0.0,2.0,,0.0,1.0,,0.0,2.0,,2.0,2.0,,0.0,1.0,,2.0,2.0,,0.0,2.0,,0.0,3.0,,0.0,2.0,,1.0,2.0,,5.0,5.0,,5.0,5.0,,5.0,5.0,,5.0,5.0,,5.0,5.0,,3.0,1.0,,1.0,2.0,,0.0,2.0,,0.0,2.0,,0.0,1.0,,POINT (646034.7232548033 6831910.225177549),epicollect,0x8fe9e179f1402f21,NORV,u,4,0,3,8,4,0,5,0.25,0.45,1
,,30-06-2022,dsf_75s10,DSF,000,,27,5,5,17.0,20,,20 m seulement car chemins à proximité. Même point qu'en 2020. Grois bois avec forte régénération.,1.0,4.0,,0.0,3.0,,0.0,2.0,,0.0,3.0,,0.0,2.0,,1.0,3.0,,0.0,1.0,,0.0,1.0,,2.0,2.0,,0.0,2.0,,0.0,1.0,,0.0,3.0,,0.0,1.0,,1.0,2.0,,1.0,2.0,,0.0,2.0,,0.0,2.0,,0.0,2.0,,2.0,2.0,,0.0,3.0,,POINT (639299.8779113842 6836063.945010755),epicollect,0xae479ffc85963bf0,ROTU,u,7,0,4,8,7,1,0,0.05,0.4,0
,,30-06-2022,dsf_75s10,DSF,000,,24,5,5,16.0,30,,Même position qu'en 2020Gros bois,0.0,0.0,,1.0,2.0,,0.0,1.0,,0.0,2.0,,1.0,2.0,,0.0,1.0,,0.0,1.0,,0.0,1.0,,0.0,2.0,,1.0,3.0,,0.0,2.0,,1.0,3.0,,0.0,2.0,,0.0,2.0,,0.0,2.0,,0.0,3.0,,0.0,2.0,,0.0,1.0,,1.0,2.0,,0.0,2.0,,POINT (639291.8580276604 6835464.66652593),epicollect,0x5c563b6672293083,ROTU,a,16,1,5,11,3,0,0,0.0,0.15,0
,,28-06-2022,dsf_78c03,DSF,000,,34,5,5,16.0,40,,Taillis de châtaignier adulte avec diamètre moyen ayant atteint le diamètre objectif.,3.0,3.0,,0.0,3.0,,1.0,2.0,,5.0,5.0,,2.0,3.0,,0.0,2.0,,0.0,2.0,,1.0,2.0,,0.0,3.0,,0.0,3.0,,1.0,3.0,,1.0,3.0,,0.0,2.0,,1.0,3.0,,0.0,3.0,,0.0,3.0,,1.0,2.0,,0.0,2.0,,0.0,2.0,,4.0,4.0,,POINT (642565.8971644796 6883284.386017614),epicollect,0x2a04ec1e5ae221fe,DSF,,,0,0,8,9,1,2,0.15,0.6,0
,,28-06-2022,dsf_78c03,DSF,000,,39,5,5,11.0,40,,Taillis de châtaignier adulte avec diamètre moyen ayant atteint le diamètre objectif.,0.0,2.0,,1.0,3.0,,1.0,3.0,,0.0,2.0,,2.0,3.0,,5.0,5.0,,0.0,1.0,,0.0,1.0,,0.0,3.0,,0.0,3.0,,0.0,3.0,,1.0,3.0,,0.0,2.0,,0.0,3.0,,5.0,5.0,,0.0,3.0,,0.0,2.0,,0.0,4.0,,1.0,3.0,,4.0,4.0,,POINT (643316.0599013272 6882992.803789904),epicollect,0x8d00fdf495afcbe5,DSF,,,0,2,4,10,1,3,0.2,0.7,1
,,28-06-2022,dsf_78c03,DSF,000,,33,5,5,11.0,30,,Peuplement refermé au niveau du couvert et forte surface terrière limitant la bonne visibilité globale des houppiers.Taillis de châtaigniers adultes.,0.0,3.0,,0.0,1.0,,0.0,1.0,,0.0,2.0,,0.0,2.0,,0.0,2.0,,0.0,3.0,,0.0,2.0,,0.0,1.0,,0.0,1.0,,0.0,2.0,,0.0,1.0,,0.0,1.0,,0.0,2.0,,0.0,2.0,,0.0,3.0,,0.0,2.0,,0.0,1.0,,0.0,2.0,,1.0,3.0,,POINT (644833.0290592964 6883515.743707933),epicollect,0x1b15549e8badeddb,DSF,,,0,7,9,4,0,0,0.0,0.2,0
,,28-06-2022,dsf_78c03,DSF,000,,30,5,5,13.0,40,,Peuplement refermé au niveau du couvert et forte surface terrière limitant la visibilité globale des houppiers.Futaie sur souche de châtaigniers adulte et au diamètre objectif atteint.,0.0,1.0,,0.0,1.0,,0.0,1.0,,1.0,3.0,,1.0,3.0,,0.0,2.0,,1.0,3.0,,0.0,2.0,,1.0,3.0,,0.0,2.0,,0.0,2.0,,0.0,1.0,,0.0,1.0,,0.0,1.0,,0.0,1.0,,0.0,1.0,,0.0,1.0,,0.0,1.0,,0.0,2.0,,0.0,2.0,,POINT (644906.7668850338 6883558.971343089),epicollect,0x7487eddab5ad5298,DSF,,,0,10,6,4,0,0,0.0,0.2,0
999.0,papier,20/06/2022,sych vinet,RONQ,173.0,0-20,29,25-50,50-75,25.0,30,NON,,0.0,0.0,,1.0,1.0,,1.0,1.0,,1.0,1.0,,0.0,0.0,,1.0,1.0,,0.0,0.0,,0.0,0.0,,1.0,1.0,,0.0,0.0,,1.0,0.0,,1.0,2.0,,0.0,0.0,,1.0,1.0,,0.0,0.0,,1.0,1.0,,1.0,0.0,,2.0,2.0,,0.0,1.0,,0.0,1.0,,POINT (625084.0813122559 6838595.136472755),,0x6f68008d114a440,RONQ,u,2,7,11,1,1,0,0,0.0,0.05,0
,,29/06/2022,dsf_78s01,SAINTE-GENEVIEVE-DES-BOIS,176.0,NON,46,5,5,13.0,20,,Oubli de noter la mesure de la distance au 20e arbre : moins de 20 m de mémoire. Estimation de 13 m à partir de la BD Ortho. Le centre de la placette est un gros châtaignier mort (arbre 1).,5.0,5.0,,0.0,1.0,,5.0,5.0,,5.0,5.0,,5.0,5.0,,1.0,4.0,,1.0,2.0,,1.0,3.0,,1.0,3.0,,1.0,3.0,,1.0,2.0,,1.0,2.0,,1.0,2.0,,1.0,3.0,,1.0,3.0,,0.0,2.0,,5.0,5.0,,1.0,2.0,,1.0,2.0,,1.0,2.0,,POINT (651866 6837070),releves_chataignier_IdF_DSF_2022_TB3.csv,0xd00479fa565800bf,STEGEN,b,9,0,1,8,5,1,5,0.3,0.55,1
,,29/06/2022,dsf_78s01,CHAMARANDE,195.0,NON,36,5,5,13.0,20,,Pente -  gros blocs de pierre -  même placette qu'en 2020.,0.0,2.0,,0.0,3.0,,1.0,4.0,,5.0,5.0,,5.0,5.0,,1.0,2.0,,0.0,1.0,,0.0,2.0,,2.0,1.0,,4.0,0.0,,0.0,2.0,,1.0,2.0,,2.0,1.0,,1.0,2.0,,5.0,5.0,,0.0,4.0,,1.0,3.0,,2.0,3.0,,0.0,2.0,,0.0,2.0,,POINT (643332 6824310),releves_chataignier_IdF_DSF_2022_TB3.csv,0xcd14f3b5dad6f77a,BELV,b,30,0,1,10,3,3,3,0.3,0.45,1
,,29/06/2022,dsf_78s01,SAINTE-GENEVIEVE-DES-BOIS,177.0,OUI,33,3,3,10.0,20,,Peuplement ruiné. Coupe sanitaire et nombreux arbres E et F mais sur une zone restreinte centrée sur les coordonnées enregistrées. Le centre de la placette est 14 mètres plus au sud qu'en 2020. Peuplement très dépérissant autour.,5.0,5.0,,5.0,5.0,,5.0,5.0,,5.0,5.0,,5.0,5.0,,5.0,5.0,,5.0,5.0,,5.0,5.0,,5.0,5.0,,5.0,5.0,,5.0,5.0,,5.0,5.0,,5.0,5.0,,5.0,5.0,,5.0,5.0,,5.0,5.0,,5.0,5.0,,5.0,5.0,,5.0,5.0,,5.0,5.0,,POINT (652120 6837020),releves_chataignier_IdF_DSF_2022_TB3.csv,0x9f8a0b6d4e1c8d77,STEGEN,a,10,0,0,0,0,0,20,1.0,1.0,3
